track_title,artist,album_title,duration,genre
"Kesariya (From ""Brahmastra"")","Pritam, Arijit Singh, Amitabh Bhattacharya","Kesariya (From ""Brahmastra"")",04:28,Resso Top 50
Pasoori,"Shae Gill, Ali Sethi",Pasoori,03:44,Resso Top 50
295,Sidhu Moose Wala,Moosetape,04:30,Resso Top 50
NO LOVE,Shubh,NO LOVE,02:50,Resso Top 50
The Last Ride,Sidhu Moose Wala,The Last Ride,04:22,Resso Top 50
As It Was,Harry Styles,As It Was,02:47,Resso Top 50
So High,Sidhu Moose Wala,So High,03:39,Resso Top 50
Chaand Baaliyan,Aditya A,Chaand Baaliyan,01:43,Resso Top 50
"Galliyan Returns (From ""Ek Villain Returns"")","Ankit Tiwari, Manoj Muntashir","Galliyan Returns (From ""Ek Villain Returns"")",05:50,Resso Top 50
Yet To Come,BTS,Proof,03:14,Resso Top 50
Excuses,"Gurinder Gill, Intense, AP Dhillon",Excuses,02:56,Resso Top 50
"Pathala Pathala (From ""Vikram"")","Anirudh, Kamal Haasan","Pathala Pathala (From ""Vikram"")",03:31,Resso Top 50
Left and Right (Feat. Jung Kook of BTS),"Charlie Puth, Jung Kook, BTS",Left and Right (Feat. Jung Kook of BTS),02:35,Resso Top 50
Levels (feat. Sunny Malton),"Sidhu Moose Wala, Sunny Malton",Levels (feat. Sunny Malton),03:49,Resso Top 50
Jhoom (R&B Mix),"Ali Zafar,Yousaf Sallauddin,Coke Studio",Jhoom,04:59,Resso Top 50
"Arabic Kuthu (From ""Beast"")","Anirudh, Jonita Gandhi","Arabic Kuthu - Halamithi Habibo (From ""Beast"")",04:40,Resso Top 50
Peaches,Diljit Dosanjh,Drive Thru,03:09,Resso Top 50
"Bhool Bhulaiyaa 2 Title Track (From ""Bhool Bhulaiyaa 2"")","Pritam, Tanishk Bagchi, Neeraj Shridhar, Mellow D","Bhool Bhulaiyaa 2 Title Track (From ""Bhool Bhulaiyaa 2"")",03:32,Resso Top 50
DESIRES,"AP Dhillon, Gurinder Gill",HIDDEN GEMS,02:48,Resso Top 50
Same Beef,"Bohemia, Sidhu Moose Wala",Same Beef,04:50,Resso Top 50
Tauba (feat. Badshah),"Payal Dev, Badshah",Tauba (feat. Badshah),03:19,Resso Top 50
Mehabooba,Ananya Bhat,Kgf Chapter 2,03:32,Resso Top 50
Just Listen,"Sidhu Moose Wala, Sunny Malton",Just Listen,04:44,Resso Top 50
Tu Aake Dekhle,KING,The Carnival,04:30,Resso Top 50
"Maiyya Mainu (From ""Jersey"")","Sachet-Parampara, Sachet Tandon","Maiyya Mainu (From ""Jersey"")",03:52,Resso Top 50
Vikram (Title Track),Anirudh,Vikram (Original Motion Picture Soundtrack),03:39,Resso Top 50
Dhokha,"Arijit Singh, Manan Bhardwaj",Dhokha,04:05,Resso Top 50
Heat Waves,Glass Animals,Dreamland (+ Bonus Levels),03:59,Resso Top 50
"Srivalli (From ""Pushpa The Rise Part - 01"")","Javed Ali , Devi Sri Prasad","Srivalli (From ""Pushpa The Rise Part - 01"")",03:44,Resso Top 50
TERE TE,"AP Dhillon, Gurinder Gill",HIDDEN GEMS,01:54,Resso Top 50
"Raataan Lambiyan (From ""Shershaah"")","Tanishk Bagchi, Jubin Nautiyal, Asees Kaur","Raataan Lambiyan (From ""Shershaah"")",03:50,Resso Top 50
"Beast Mode (From ""Beast"")",Anirudh,"Beast Mode (From ""Beast"")",03:40,Resso Top 50
"Doobey (From ""Gehraiyaan"")","OAFF, Savera, Lothika, Kausar Munir","Doobey (From ""Gehraiyaan"")",03:40,Resso Top 50
Bad Habits,Ed Sheeran,Bad Habits,03:51,Resso Top 50
Oo Antava Oo Oo Antava,Indravathi Chauhan,Pushpa - The Rise,03:43,Resso Top 50
"Ranjha (From ""Shershaah"")","Jasleen Royal, B Praak, Romy, Anvita Dutt","Ranjha (From ""Shershaah"")",03:49,Resso Top 50
Such Keh Raha Hai,K. K.,Rehnaa Hai Terre Dil Mein,05:29,Resso Top 50
Dhokebaaz,"Afsana Khan, Jaani",Dhokebaaz,04:25,Resso Top 50
Ektarfa,King,Ektarfa,03:51,Resso Top 50
"Kesariya Audio Teaser (From ""Brahmastra"")","Pritam, Arijit Singh, Amitabh Bhattacharya","Kesariya Audio Teaser (From ""Brahmastra"")",00:45,Resso Top 50
No Lie,"Sean Paul, Dua Lipa",No Lie,03:41,Resso Top 50
"Hum Nashe Mein Toh Nahin (From ""Bhool Bhulaiyaa 2"")","Arijit Singh, Tulsi Kumar","Hum Nashe Mein Toh Nahin (From ""Bhool Bhulaiyaa 2"")",03:58,Resso Top 50
"Mann Bharryaa 2.0 (From ""Shershaah"")",B Praak,"Mann Bharryaa 2.0 (From ""Shershaah"")",04:26,Resso Top 50
"Saami Saami (From ""Pushpa The Rise Part - 01"")","Sunidhi Chauhan, Devi Sri Prasad","Saami Saami (From ""Pushpa The Rise Part - 01"")",03:47,Resso Top 50
STAY,"The Kid LAROI, Justin Bieber",STAY,02:22,Resso Top 50
"Dil Ko Karaar Aaya (From ""Sukoon"")","Yasser Desai, Neha Kakkar, Rajat Nagpal","Dil Ko Karaar Aaya (From ""Sukoon"")",03:52,Resso Top 50
Meri Jaan,"Neeti Mohan, Sanjay Leela Bhansali",Gangubai Kathiawadi,03:58,Resso Top 50
Insane,"AP Dhillon, Shinda Kahlon, Gurinder Gill, Gminxr",Insane,03:26,Resso Top 50
love nwantiti (ah ah ah),Ckay,CKay The First,02:26,Resso Top 50
Agar Tum Saath Ho,"Alka Yagnik, Arijit Singh",Tamasha,05:41,Resso Top 50
Akhiyaan,Mitraz,Akhiyaan,03:12,Indian Indie Hot 30
Aankhon Se Batana,Dikshant,Aankhon Se Batana,03:41,Indian Indie Hot 30
Baarish Aa Jaave,Mitraz,Baarish Aa Jaave,02:38,Indian Indie Hot 30
Chaand Baaliyan,Aditya A,Chaand Baaliyan,01:43,Indian Indie Hot 30
Aziyat,Pratyush Dhiman,Aziyat,03:37,Indian Indie Hot 30
Tu Kahaan - 1 Min Music,"OAFF, Lothika",Tu Kahaan - 1 Min Music,01:00,Indian Indie Hot 30
Rangi Saari,"Kavita Seth, Kanishk Seth",Rangi Saari,03:34,Indian Indie Hot 30
Raaz Tera Mera,Akanksha Sethi,Raaz Tera Mera,03:29,Indian Indie Hot 30
Chidiya,Vilen,Chidiya,04:13,Indian Indie Hot 30
Baarishein,Anuv Jain,Baarishein,03:27,Indian Indie Hot 30
Alag Aasmaan,Anuv Jain,Alag Aasmaan,03:33,Indian Indie Hot 30
Baarish Ka Asar,Twin Strings,Baarish Ka Asar,04:06,Indian Indie Hot 30
Waqt Ki Baatein,Dream Note,Waqt Ki Baatein - Single,04:03,Indian Indie Hot 30
Woh Din,Yash Bafna,Woh Din,04:18,Indian Indie Hot 30
Tuta Pull Wahan,Deepak Rathore Project,Tuta Pull Wahan,05:13,Indian Indie Hot 30
Tera Nishaan,"Pina Colada Blues, Anumita Nadesan",Tera Nishaan,02:47,Indian Indie Hot 30
Chhodo Kalaiya,"Aditya A, Saiwariya",Chhodo Kalaiya,03:11,Indian Indie Hot 30
Intezaar,Lucky Ali,Intezaar,03:56,Indian Indie Hot 30
Tum Ho Meri Jaan,Dhruv Kapoor,Tum Ho Meri Jaan,03:12,Indian Indie Hot 30
kyun hota hai?,Tanmaya Bhatnagar,kyun hota hai?,03:30,Indian Indie Hot 30
Dil,Dream Note,Dil,03:08,Indian Indie Hot 30
Haaye,"Pina Colada Blues, Yash Narvekar",Haaye,02:59,Indian Indie Hot 30
Mehfooz,Aaditya Rakheja,Mehfooz,04:16,Indian Indie Hot 30
Aahista,Ankur Tewari,Aahista,03:49,Indian Indie Hot 30
Katputli Ke Dhaage,"Himonshu Parikh, Anumita Nadesan",Katputli Ke Dhaage,02:54,Indian Indie Hot 30
Sajni,The Yellow Diary,Sajni,04:58,Indian Indie Hot 30
Shehron Ke Raaz,Prateek Kuhad,Shehron Ke Raaz,02:32,Indian Indie Hot 30
Baaraat,"Ritviz, Nucleya",Baaraat,03:42,Indian Indie Hot 30
Tere Hi Hum,Prateek Kuhad,Tere Hi Hum,02:57,Indian Indie Hot 30
Udd Gaye,Ritviz,Ved,03:00,Indian Indie Hot 30
"Deva Deva (From ""Brahmastra"")","Pritam, Arijit Singh, Amitabh Bhattacharya, Jonita Gandhi","Deva Deva (From ""Brahmastra"")",04:39,Hindi New Release Hot 30
"Coka 2.0 (From ""Liger"")","Jaani, Lijo George-Dj Chetas, Sukh-E Muzical Doctorz, Lisa Mishra","Coka 2.0 (From ""Liger"")",02:46,Hindi New Release Hot 30
"Tere Hawaale (From ""Laal Singh Chaddha"")","Pritam, Arijit Singh, Shilpa Rao","Tere Hawaale (From ""Laal Singh Chaddha"")",05:46,Hindi New Release Hot 30
Saiyyan Dil Mein Aana Re,"Shamshad Begum, Shruti Rane",Saiyyan Dil Mein Aana Re,02:56,Hindi New Release Hot 30
Waqt Ke Jungle,Armaan Malik,"Waqt Ke Jungle (From ""Do Baaraa"")",03:14,Hindi New Release Hot 30
"Dhaagon Se Baandhaa (From ""Raksha Bandhan"")","Himesh Reshammiya, Arijit Singh, Shreya Ghoshal","Dhaagon Se Baandhaa (From ""Raksha Bandhan"")",04:45,Hindi New Release Hot 30
Teri Galliyon Se,"Jubin Nautiyal, Meet Bros, Rashmi Virag",Teri Galliyon Se,04:54,Hindi New Release Hot 30
Awaara Ho,Shashwat Sachdev,Awaara Ho,03:29,Hindi New Release Hot 30
Tu Hi Bata,"Nikhita Gandhi , Siddhant Bhosle",Tu Hi Bata,02:47,Hindi New Release Hot 30
Duniya,"B Praak, Sunny Singh, Saiee Manjrekar",Duniya,03:50,Hindi New Release Hot 30
"Aafat (From ""Liger"")","Tanishk Bagchi, Rashmi Virag, Zahrah S Khan","Aafat (From ""Liger"")",02:44,Hindi New Release Hot 30
Dhoke Pyaar Ke,"B Praak, Rochak Kohli",Dhoke Pyaar Ke,04:19,Hindi New Release Hot 30
Chumma Chumma,"Nakash Aziz, Neeti Mohan, Aayush Sharma, Shakti Mohan",Chumma Chumma,03:09,Hindi New Release Hot 30
La Ilaaj,Arijit Singh,Darlings (Original Motion Picture Soundtrack),04:25,Hindi New Release Hot 30
"Kesariya (From ""Brahmastra"")","Pritam, Arijit Singh, Amitabh Bhattacharya","Kesariya (From ""Brahmastra"")",04:28,Hindi New Release Hot 30
Iss Baarish Mein - Neeti Mohan Version,Neeti Mohan,Iss Baarish Mein - Neeti Mohan Version,04:10,Hindi New Release Hot 30
Paparazzi Peeche,Tony Kakkar,Paparazzi Peeche,02:25,Hindi New Release Hot 30
Tu Hi Hai Sanam,"Pawandeep Rajan, Himesh Reshammiya",Tu Hi Hai Sanam,04:56,Hindi New Release Hot 30
"Kaveri Se Milne [From ""PS-1 (Hindi)""]","A.R. Rahman, Swagat Rathod, Pooja Tiwari","Kaveri Se Milne [From ""PS-1 (Hindi)""] (Original Motion Picture Soundtrack)",04:51,Hindi New Release Hot 30
Jaane De,"The RISH, Raghav Chaitanya",Jaane De,03:00,Hindi New Release Hot 30
Alvida,Adnan Sami,Alvida,04:56,Hindi New Release Hot 30
Haal Chaal,"Raj Pandit, Sukriti Kakar",Haal Chaal,03:12,Hindi New Release Hot 30
Rangrez,"Arjun Kanungo, Anurag Saikia",Rangrez,04:06,Hindi New Release Hot 30
Yaad,"Sonu Nigam, Mukund Suryawanshi, Saaveri Verma",Yaad,03:39,Hindi New Release Hot 30
Mashooka (feat. Rakul Preet Singh),"Asees Kaur, Tanishk Bagchi, Dev Negi, Viruss, Rakul Preet Singh",Mashooka (feat. Rakul Preet Singh),03:07,Hindi New Release Hot 30
Casanova (feat. Simar Kaur),"Yo Yo Honey Singh, Lil Pump, DJ Shadow Dubai, Simar Kaur",Casanova (feat. Simar Kaur),03:35,Hindi New Release Hot 30
"Kahani (Sonu's Version) [From ""Laal Singh Chaddha""]","Pritam, Sonu Nigam, Amitabh Bhattacharya","Kahani (Sonu's Version) [From ""Laal Singh Chaddha""]",04:58,Hindi New Release Hot 30
"Mor Mor (From ""Goodluck Jerry"")","Parag Chhabra, Raj Shekhar, Deedar Kaur, Gurlej Akhtar, Vivek Hariharan","Mor Mor (From ""Goodluck Jerry"")",02:59,Hindi New Release Hot 30
Pakki Wali Dosti,Saaj Bhatt,Pakki Wali Dosti,04:02,Hindi New Release Hot 30
"Dil (From ""Ek Villain Returns"")","Kaushik-Guddu, Raghav Chaitanya, Kunaal Vermaa","Dil (From ""Ek Villain Returns"")",05:09,Hindi New Release Hot 30
"Kesariya (From ""Brahmastra"")","Pritam, Arijit Singh, Amitabh Bhattacharya","Kesariya (From ""Brahmastra"")",04:28,Hindi Top 30
Halki Si Barsaat,Saaj Bhatt,Halki Si Barsaat,03:33,Hindi Top 30
"Ji Huzoor (From ""Shamshera"")","Aditya Narayan, Mithoon","Ji Huzoor (From ""Shamshera"")",04:10,Hindi Top 30
"Bhool Bhulaiyaa 2 Title Track (From ""Bhool Bhulaiyaa 2"")","Pritam, Tanishk Bagchi, Neeraj Shridhar, Mellow D","Bhool Bhulaiyaa 2 Title Track (From ""Bhool Bhulaiyaa 2"")",03:32,Hindi Top 30
Iss Baarish Mein,"Yasser Desai, Neeti Mohan",Iss Baarish Mein,04:01,Hindi Top 30
Mehabooba,"Ravi Basrur, Ananya Bhat",KGF Chapter 2 (Original Motion Picture Soundtrack),03:34,Hindi Top 30
"Rangisari (From ""Jugjugg Jeeyo"")","Kanishk Seth, Kavita Seth","Rangisari (From ""Jugjugg Jeeyo"")",03:43,Hindi Top 30
Jug Jug Jeeve,"Sachet Tandon, Parampara Tandon, Sachin-Jigar",Shiddat,03:19,Hindi Top 30
"Maiyya Mainu (From ""Jersey"")","Sachet-Parampara, Sachet Tandon","Maiyya Mainu (From ""Jersey"")",03:52,Hindi Top 30
"The Punjaabban Song (From ""Jugjugg Jeeyo"")","Tanishk Bagchi, Gippy Grewal, Zahrah S Khan, Romy, Abrar-Ul-Haq","The Punjaabban Song (From ""Jugjugg Jeeyo"")",03:19,Hindi Top 30
Tu Aake Dekhle,KING,The Carnival,04:30,Hindi Top 30
Dhokha,"Arijit Singh, Manan Bhardwaj",Dhokha,04:05,Hindi Top 30
Ijazzat Hai,"Raj Barman, Sachin Gupta",Ijazzat Hai,03:15,Hindi Top 30
"Halamithi Habibo (From ""Beast"")","Anirudh, Jonita Gandhi","Halamithi Habibo (From ""Beast"")",04:40,Hindi Top 30
"Naacho Naacho (From ""Rrr"")","Vishal Mishra, Rahul Sipligunj, M. M. Kreem","Naacho Naacho (From ""Rrr"")",03:34,Hindi Top 30
Mast Nazron Se,"Jubin Nautiyal, Rochak Kohli, Nasir Iqbal",Mast Nazron Se,04:49,Hindi Top 30
Kuch Baatein,"Payal Dev, Jubin Nautiyal",Kuch Baatein,04:45,Hindi Top 30
Chaand Baaliyan,Aditya A,Chaand Baaliyan,01:43,Hindi Top 30
Meri Jaan,"Neeti Mohan, Sanjay Leela Bhansali",Gangubai Kathiawadi,03:58,Hindi Top 30
Saawariya,"Aastha Gill, Kumar Sanu, Arjun Bijlani",Saawariya (feat. Arjun Bijlani),03:22,Hindi Top 30
"Raataan Lambiyan (From ""Shershaah"")","Tanishk Bagchi, Jubin Nautiyal, Asees Kaur","Raataan Lambiyan (From ""Shershaah"")",03:50,Hindi Top 30
"Srivalli (From ""Pushpa The Rise Part - 01"")","Javed Ali , Devi Sri Prasad","Srivalli (From ""Pushpa The Rise Part - 01"")",03:44,Hindi Top 30
Pyaar Karte Ho Na,"Javed-Mohsin, Stebin Ben, Shreya Ghoshal",Pyaar Karte Ho Na,03:11,Hindi Top 30
Meri Tarah Ft. Himansh Kohli,"Jubin Nautiyal, Payal Dev",Meri Tarah Ft. Himansh Kohli,04:50,Hindi Top 30
Yaad Na Aaye,Akullonthebeat,Yaad Na Aaye,03:15,Hindi Top 30
Dhokebaaz,"Afsana Khan, Jaani",Dhokebaaz,04:25,Hindi Top 30
"Sajna, Say Yes To The Dress","Badshah, Payal Dev","Sajna, Say Yes To The Dress",02:38,Hindi Top 30
"Dil Galti Kar Baitha Hai (From ""Dil Galti Kar Baitha Hai"")",Jubin Nautiyal,Dil Se Galti - Hindi Sad Songs,04:33,Hindi Top 30
"Ranjha (From ""Shershaah"")","Jasleen Royal, B Praak, Romy, Anvita Dutt","Ranjha (From ""Shershaah"")",03:49,Hindi Top 30
Jugnu,"Badshah, Nikhita Gandhi ",Jugnu,03:50,Hindi Top 30
Duniya,"B Praak, Sunny Singh, Saiee Manjrekar",Duniya,03:50,Indian Pop Top 30
"Coka 2.0 (From ""Liger"")","Jaani, Lijo George-Dj Chetas, Sukh-E Muzical Doctorz, Lisa Mishra","Coka 2.0 (From ""Liger"")",02:46,Indian Pop Top 30
Baarish Aayi Hai,"Javed-Mohsin, Stebin Ben, Shreya Ghoshal",Baarish Aayi Hai,03:33,Indian Pop Top 30
Tauba (feat. Badshah),"Payal Dev, Badshah",Tauba (feat. Badshah),03:19,Indian Pop Top 30
Designer (Feat. Divya Khosla Kumar),"Guru Randhawa, Yo Yo Honey Singh",Designer (Feat. Divya Khosla Kumar),03:39,Indian Pop Top 30
everything sucks,"vaultboy, Arjun Kanungo",everything sucks,01:55,Indian Pop Top 30
Ishq Tujhe,"Shambhavi Thakur, Uddipan Sharma",Ishq Tujhe,04:09,Indian Pop Top 30
Sahi Hai Sahi Hai,Uchana Amit,Sahi Hai Sahi Hai,02:34,Indian Pop Top 30
Sinner,King,Khwabeeda,03:49,Indian Pop Top 30
Tutt Gaya,Stebin Ben,Tutt Gaya,04:14,Indian Pop Top 30
Aashiq Hoon,"Raj Barman, Raees, Zain - Sam",Aashiq Hoon,03:18,Indian Pop Top 30
Dhokebaaz,"Afsana Khan, Jaani",Dhokebaaz,04:25,Indian Pop Top 30
Ijazzat Hai,"Raj Barman, Sachin Gupta",Ijazzat Hai,03:15,Indian Pop Top 30
Hairaan,"Kaushik-Guddu, Javed Ali ",Hairaan,03:30,Indian Pop Top 30
Ektarfa,King,Ektarfa,03:51,Indian Pop Top 30
Halki Si Barsaat,Saaj Bhatt,Halki Si Barsaat,03:33,Indian Pop Top 30
Nakhrey Nakhrey,Armaan Malik,Nakhrey Nakhrey,02:23,Indian Pop Top 30
Manzoore Nazar,"Neeraj Shridhar, Saaj Bhatt, Srishti Bhandari",Manzoore Nazar,03:37,Indian Pop Top 30
Main Akela Hoon,Tony Kakkar,Main Akela Hoon,02:45,Indian Pop Top 30
Dhokha,"Arijit Singh, Manan Bhardwaj",Dhokha,04:05,Indian Pop Top 30
Humnava Mere,"Jubin Nautiyal, Rocky-Shiv",Humnava Mere,05:29,Indian Pop Top 30
Jaa Rahe Ho,"Yasser Desai, Kunaal Vermaa",Jaa Rahe Ho,04:09,Indian Pop Top 30
Mast Nazron Se,"Jubin Nautiyal, Rochak Kohli, Nasir Iqbal",Mast Nazron Se,04:49,Indian Pop Top 30
Mud Mud Ke,"Tony Kakkar, Neha Kakkar",Mud Mud Ke,03:01,Indian Pop Top 30
Yaad Na Aaye,Akullonthebeat,Yaad Na Aaye,03:15,Indian Pop Top 30
Tumse Pyaar Karke,"Tulsi Kumar, Jubin Nautiyal, Payal Dev",Tumse Pyaar Karke,03:54,Indian Pop Top 30
Naina Mere,"Suyyash Rai, Anmol Daniel",Naina Mere,03:35,Indian Pop Top 30
Tu Aake Dekhle,KING,The Carnival,04:30,Indian Pop Top 30
Terre Pyaar Mein,Himesh Reshammiya,Terre Pyaar Mein,05:33,Indian Pop Top 30
Jhoom (R&B Mix),"Ali Zafar,Yousaf Sallauddin,Coke Studio",Jhoom,04:59,Indian Pop Top 30
gande ilaake se,"Sez on the Beat, AB 17",gande ilaake se,02:31,Desi Hip-Hop Top 30
MACHAYENGE 4,Emiway Bantai,MACHAYENGE 4,10:20,Desi Hip-Hop Top 30
Big Moves,"MC Altaf, Stunnah Beatz",Big Moves,03:33,Desi Hip-Hop Top 30
Kissa Khatam,Dakait,Kissa Khatam,03:04,Desi Hip-Hop Top 30
Streets,"J Trix, SubSpace",Streets,02:15,Desi Hip-Hop Top 30
Jhootha,"Celina Sharma, Emiway Bantai",Jhootha,02:10,Desi Hip-Hop Top 30
VIBE,Parry G,VIBE,02:31,Desi Hip-Hop Top 30
Intro,MC THC,Intro,03:23,Desi Hip-Hop Top 30
INSOMNIA,Badkidz,INSOMNIA,03:19,Desi Hip-Hop Top 30
Burreh,"Dakait, Aniket Raturi",Burreh,03:47,Desi Hip-Hop Top 30
Anaadi,Seedhe Maut & Sez On The Beat,Nayaab,03:19,Desi Hip-Hop Top 30
Pomfret Fry,Karma,Pomfret Fry,03:00,Desi Hip-Hop Top 30
Shana Bann,MC Stan,Shana Bann,03:48,Desi Hip-Hop Top 30
Batman,"Aghor, KR$NA",Batman,03:32,Desi Hip-Hop Top 30
KR L$DA SIGN,Emiway Bantai,KR L$DA SIGN,08:12,Desi Hip-Hop Top 30
Kya Haal Hai Bro?,Fotty Seven,Kya Haal Hai Bro?,02:59,Desi Hip-Hop Top 30
Aafat (Bombay 70),Naezy,Aafat (Bombay 70),03:13,Desi Hip-Hop Top 30
Ektarfa,King,Ektarfa,03:51,Desi Hip-Hop Top 30
South Delhi,"Full Power, Darcy, D₹V, Sidak",South Delhi,03:09,Desi Hip-Hop Top 30
Choco,Emiway Bantai,8 Saal,02:53,Desi Hip-Hop Top 30
Kyu Nahi,OG Ankit,Kyu Nahi,03:15,Desi Hip-Hop Top 30
MADE IN INDIA,Raja Kumari,MADE IN INDIA,02:21,Desi Hip-Hop Top 30
GRIND,Emiway Bantai,Dhund Ke Dikha,02:56,Desi Hip-Hop Top 30
Kartab,"Ahmer, Ikka & Zero Chill feat. Lambo Drive, Lambo Drive",Kartab,03:04,Desi Hip-Hop Top 30
Hifzo Aman,"Naezy, Bharg",Tarqeeb,02:20,Desi Hip-Hop Top 30
Mera,Emiway Bantai,Mera,03:01,Desi Hip-Hop Top 30
CHUSAMBA,Emiway Bantai,CHUSAMBA,03:14,Desi Hip-Hop Top 30
Nahi Hai Woh,"MC Altaf, Raftaar, Shah Rule",Nahi Hai Woh,04:20,Desi Hip-Hop Top 30
Banjo,Fotty Seven,Banjo,02:18,Desi Hip-Hop Top 30
Machayenge 3,Emiway Bantai,Machayenge 3,03:49,Desi Hip-Hop Top 30
Noche de Novela,"Paulo Londra, Ed Sheeran",Noche de Novela,03:12,English New Release Hot 30
Her,Megan Thee Stallion,Traumazine,02:17,English New Release Hot 30
El Que Espera,"Anitta, Maluma",El Que Espera,02:50,English New Release Hot 30
BREAK MY SOUL (THE QUEENS REMIX),"Beyoncé, Madonna",BREAK MY SOUL (THE QUEENS REMIX),05:56,English New Release Hot 30
WAIT (feat. Bipolar Sunshine),"MILKBLOOD, Bipolar Sunshine",WAIT (feat. Bipolar Sunshine),03:44,English New Release Hot 30
THREAT,Rex Orange County,THREAT,02:51,English New Release Hot 30
Trigue Lycee (Remix),"Khalèd, DJ Snake",Trigue Lycee (Remix),03:05,English New Release Hot 30
Super Freaky Girl,Nicki Minaj,Super Freaky Girl,02:51,English New Release Hot 30
Day N Night,"Afrojack, Black V Neck, Muni Long",Day N Night,02:59,English New Release Hot 30
Consistency (feat. Jhene Aiko),"Megan Thee Stallion, Jhené Aiko",Traumazine,03:40,English New Release Hot 30
Living Hell,Bella Poarch,Dolls EP,02:54,English New Release Hot 30
The Look (feat. Kehlani),"Ali Gatie, Kehlani",WHO HURT YOU?,03:36,English New Release Hot 30
indieedgycool,GAYLE,indieedgycool,02:27,English New Release Hot 30
Picture in my mind,"PinkPantheress, Sam Gellaitry",Picture in my mind,02:57,English New Release Hot 30
Satisfaction,"David Guetta, Benny Benassi",Satisfaction,02:36,English New Release Hot 30
Haitian Scarface,Kodak Black,Haitian Scarface,02:25,English New Release Hot 30
Superstar,"The Goo Goo Dolls, Goo Goo Dolls",Chaos In Bloom,04:31,English New Release Hot 30
Yen,Slipknot,Yen,04:45,English New Release Hot 30
Ma Baker,"Gerry Read, Boney M.",Ma Baker,02:27,English New Release Hot 30
Trillions (feat. Brent Faiyaz),"Alicia Keys, Brent Faiyaz",KEYS II,02:53,English New Release Hot 30
Popular,M.I.A.,Popular,03:07,English New Release Hot 30
Community D**k,"Rae Sremmurd, Flo Milli",Community D**k,03:11,English New Release Hot 30
I Hope That It Hurts,"Nicky Romero, Norma Jean Martine",I Hope That It Hurts,02:40,English New Release Hot 30
Toxic,YG,Toxic,03:33,English New Release Hot 30
Seamless,"Babyface, Kehlani",Seamless,03:15,English New Release Hot 30
Family (feat. Jesse Royal),"Oje Ken Ollivierre, Jesse Royal",Family (feat. Jesse Royal),03:02,English New Release Hot 30
Kernkraft 400 (A Better Day),"A7S, Topic",Kernkraft 400 (A Better Day),02:46,English New Release Hot 30
Come Back Home (Stripped),Sofia Carson,Purple Hearts (Original Soundtrack),02:41,English New Release Hot 30
Yungen (feat. Jack Harlow),"Rod Wave, Jack Harlow",Beautiful Mind,03:46,English New Release Hot 30
Hoodie,Ari Lennox,Hoodie,04:04,English New Release Hot 30
As It Was,Harry Styles,As It Was,02:47,English Top 30
Me Porto Bonito,"Bad Bunny, Chencho Corleone",Un Verano Sin Ti,02:59,English Top 30
Left and Right (Feat. Jung Kook of BTS),"Charlie Puth, Jung Kook, BTS",Left and Right (Feat. Jung Kook of BTS),02:35,English Top 30
Glimpse of Us,Joji,Glimpse of Us,03:54,English Top 30
"Quevedo: Bzrp Music Sessions, Vol. 52","Bizarrap, QUEVEDO","Quevedo: Bzrp Music Sessions, Vol. 52",03:19,English Top 30
Running Up That Hill (A Deal With God) [2018 Remaster],Kate Bush,Hounds of Love (2018 Remaster),05:01,English Top 30
DESPECHÁ,ROSALÍA,DESPECHÁ,02:37,English Top 30
Bad Habit,Steve Lacy,Bad Habit,03:52,English Top 30
Heat Waves,Glass Animals,Dreamland (+ Bonus Levels),03:59,English Top 30
Doja,Central Cee,Doja,01:37,English Top 30
BREAK MY SOUL,Beyoncé,BREAK MY SOUL,04:38,English Top 30
I Ain't Worried,OneRepublic,"I Ain’t Worried (Music From The Motion Picture ""Top Gun: Maverick"")",02:29,English Top 30
"1, 2, 3 (feat. Jason Derulo & De La Ghetto)","Sofía Reyes, Jason Derulo, De La Ghetto","1, 2, 3 (feat. Jason Derulo & De La Ghetto)",03:22,English Top 30
About Damn Time,Lizzo,About Damn Time,03:12,English Top 30
STAY,"The Kid LAROI, Justin Bieber",STAY,02:22,English Top 30
I Like You (A Happier Song),"Post Malone, Doja Cat",Twelve Carat Toothache (Deluxe),03:13,English Top 30
Jimmy Cooks,"21 Savage, Drake","Honestly, Nevermind",03:38,English Top 30
Te Felicito,"Shakira, Raul Alejandro Ocasio Ruiz",Te Felicito,02:52,English Top 30
Late Night Talking,Harry Styles,Harry's House,02:58,English Top 30
PROVENZA,Karol G,PROVENZA,03:30,English Top 30
MIDDLE OF THE NIGHT,Elley Duhé,MIDDLE OF THE NIGHT,03:04,English Top 30
Bad Decisions,"BTS, Snoop Dogg, benny blanco",Bad Decisions,02:53,English Top 30
Cold Heart (PNAU Remix),"Elton John, Dua Lipa",Cold Heart (PNAU Remix),03:23,English Top 30
Under The Influence,Chris Brown,Indigo (Extended),03:05,English Top 30
SNAP,Rosa Linn,SNAP,02:60,English Top 30
Noche de Novela,"Paulo Londra, Ed Sheeran",Noche de Novela,03:12,English Top 30
Her,Megan Thee Stallion,Traumazine,02:17,English Top 30
BREAK MY SOUL (THE QUEENS REMIX),"Beyoncé, Madonna",BREAK MY SOUL (THE QUEENS REMIX),05:56,English Top 30
Trigue Lycee (Remix),"Khalèd, DJ Snake",Trigue Lycee (Remix),03:05,English Top 30
Super Freaky Girl,Nicki Minaj,Super Freaky Girl,02:51,English Top 30
Summer High,AP Dhillon,Summer High,02:57,Punjabi New Release Hot 30
Mitti De Tibbe,Kaka,Mitti De Tibbe,04:33,Punjabi New Release Hot 30
Laung Laachi 2,Simran Bhardwaj,Laung Laachi 2,02:40,Punjabi New Release Hot 30
GODSPEED,Tyson Sidhu,GODSPEED,02:07,Punjabi New Release Hot 30
Photo,"Nimrat Khaira, Arjan dhillon",Photo,03:16,Punjabi New Release Hot 30
Freestyle,Jordan Sandhu,FAME,02:56,Punjabi New Release Hot 30
Peaches,Diljit Dosanjh,Drive Thru,03:09,Punjabi New Release Hot 30
Kabil,Gurnam Bhullar,Kabil,03:51,Punjabi New Release Hot 30
Big Men - Chapter 3,"R Nait, Gurlez Akhtar",Big Men - Chapter 3,04:37,Punjabi New Release Hot 30
OG,Prem Dhillon,No Lookin' Back,02:53,Punjabi New Release Hot 30
9-9 Mashukan,Sunanda Sharma,9-9 Mashukan,02:57,Punjabi New Release Hot 30
Wrangler,Tarsem Jassar,Wrangler,03:07,Punjabi New Release Hot 30
Lemonade,Diljit Dosanjh,Drive Thru,02:47,Punjabi New Release Hot 30
Kaudi Coffee,"Gur Sidhu, Kaptaan",Step Up,02:10,Punjabi New Release Hot 30
Jhanjar,"Baani Sandhu, Gur Sidhu",The Boss Lady,02:38,Punjabi New Release Hot 30
Dekhi Dekhi,Parmish Verma,Dekhi Dekhi,02:36,Punjabi New Release Hot 30
Life Of The Party,"Coolie, Dr. Zeus, Temz, Berna",Life Of The Party,02:14,Punjabi New Release Hot 30
Yaar Mera Titliaan Warga,"Gippy Grewal, Tanu Grewal",Yaar Mera Titliaan Warga,03:19,Punjabi New Release Hot 30
Right Left,"Kulwinder Billa, Meharvaani",Right Left,03:06,Punjabi New Release Hot 30
Allah Maaf Kre,"Amrit Maan, Tehjeeb Hafi",Allah Maaf Kre,03:30,Punjabi New Release Hot 30
Be Mine,Sippy Gill,Anything For You,02:19,Punjabi New Release Hot 30
Kehar,Harvi,Kehar,02:24,Punjabi New Release Hot 30
Iko Ik Dil,"Gippy Grewal, Sudesh Kumari","Iko Ik Dil (From ""Yaar Mera Titliaan Warga"") - Single",03:51,Punjabi New Release Hot 30
Chill Mode,"Gagan Kokri, Arjan dhillon",Coz Of God,02:18,Punjabi New Release Hot 30
Notorious,"Jaz Dhami, Yeah Proof",Notorious,02:19,Punjabi New Release Hot 30
Ehsaan Faramosh,Himmat Sandhu,Ehsaan Faramosh,02:41,Punjabi New Release Hot 30
Changa na lage,Nikk,Changa na lage,03:00,Punjabi New Release Hot 30
21-21 Parche,Teji Grewal,21-21 Parche,02:47,Punjabi New Release Hot 30
Vaal Vi Vinga,Amantej Hundal,Vaal Vi Vinga,03:13,Punjabi New Release Hot 30
She's The One,"IKKY, Soni Pabla",She's The One,02:35,Punjabi New Release Hot 30
NO LOVE,Shubh,NO LOVE,02:50,Punjabi Top 30
Pasoori,"Shae Gill, Ali Sethi",Pasoori,03:44,Punjabi Top 30
295,Sidhu Moose Wala,Moosetape,04:30,Punjabi Top 30
Excuses,"Gurinder Gill, Intense, AP Dhillon",Excuses,02:56,Punjabi Top 30
So High,Sidhu Moose Wala,So High,03:39,Punjabi Top 30
Levels (feat. Sunny Malton),"Sidhu Moose Wala, Sunny Malton",Levels (feat. Sunny Malton),03:49,Punjabi Top 30
We Rollin,Shubh,We Rollin,03:19,Punjabi Top 30
Peaches,Diljit Dosanjh,Drive Thru,03:09,Punjabi Top 30
Naah Lofi,Jass Manak,Naah Lofi,03:19,Punjabi Top 30
The Last Ride,Sidhu Moose Wala,The Last Ride,04:22,Punjabi Top 30
Naah,Jass Manak,Naah,03:06,Punjabi Top 30
Akhiyaan,Mitraz,Akhiyaan,03:12,Punjabi Top 30
Beliya,Gurnam Bhullar,Lekh (Original Motion Picture Soundtrack),03:46,Punjabi Top 30
Kudiyan (1MinMusic),Sara Gurpal,Kudiyan - 1 Min Music,01:03,Punjabi Top 30
Waffa ,"Afsana Khaan, Rana Jethuwal",Waffa,03:38,Punjabi Top 30
Junoon,Mitraz,Junoon,03:11,Punjabi Top 30
Never Fold (feat. Sunny Malton),"Sidhu Moose Wala, Sunny Malton",No Name,03:03,Punjabi Top 30
Insane,"AP Dhillon, Shinda Kahlon, Gurinder Gill, Gminxr",Insane,03:26,Punjabi Top 30
ELEVATED,Shubh,ELEVATED,03:21,Punjabi Top 30
Udd Gaya,B Praak,"Udd Gaya (From ""Lekh"")",04:04,Punjabi Top 30
Nashedi Akhan (From the Underdog EP),Simar Dorraha,Nashedi Akhan (From the Underdog EP),02:51,Punjabi Top 30
Lemonade,Diljit Dosanjh,Drive Thru,02:47,Punjabi Top 30
Patake,"Khan Bhaini, Gurlez Akhtar",Patake,03:42,Punjabi Top 30
"Mera Yaar (From ""Lekh"")","Gurnam Bhullar, B Praak","Mera Yaar (From ""Lekh"")",04:17,Punjabi Top 30
Gangsta,"Karan Aujla, YG",Way Ahead,03:10,Punjabi Top 30
Bamb Agya,"Gur Sidhu, Jasmine Sandlas, Kaptaan",Bamb Agya,03:20,Punjabi Top 30
Everybody Hurts,Sidhu Moose Wala,No Name,02:53,Punjabi Top 30
94 Flow,"Big Boi Deep, Byg Byrd",94 Flow,02:36,Punjabi Top 30
DESIRES,"AP Dhillon, Gurinder Gill",HIDDEN GEMS,02:48,Punjabi Top 30
Aidda Ni Chalde Pyaar,Dinesh Thukran,Aidda Ni Chalde Pyaar,02:48,Punjabi Top 30
Ra Ra Reddy I Am Ready,Lipsika,Macherla Niyojakavargam,04:20,Telugu Top 30
"Aafat (Telugu) [From ""Liger (Telugu)""]","Tanishk Bagchi, Simha, Sravana Bhargavi","Aafat (Telugu) (From ""Liger (Telugu)"")",02:44,Telugu Top 30
O Tene Palukula,"Varikuppala Yadagiri, Satya Yamini, Hymath Mohammed","O Tene Palukula (From ""Bimbisara"")",03:55,Telugu Top 30
Nee Navvey,Ram Miriyala,First Day First Show,03:26,Telugu Top 30
"Oh Sita Hey Rama (From ""Sita Ramam (Telugu)"")","Vishal Chandrashekhar, S.P.Charan, Ramya Behara","Oh Sita Hey Rama (From ""Sita Ramam (Telugu)"")",04:06,Telugu Top 30
Tillu Anna DJ Pedithe,Ram Miriyala,DJ Tillu,03:04,Telugu Top 30
Sommasilli Pothunnave O Chinni Ramulamma,Ramu Rathod,Sommasilli Pothunnave O Chinni Ramulamma,04:21,Telugu Top 30
Ante Sundaraniki Promo Song,"Vivek Sagar, Shankar Mahadevan, Shweta Mohan","Ante Sundaraniki Promo Song (From ""Ante Sundaraniki"")",04:59,Telugu Top 30
"Waat Laga Denge (Telugu) [From ""Liger (Telugu)""]","Sunil Kashyap, Vijay Deverakonda","Waat Laga Denge (Telugu) (From ""Liger (Telugu)"")",01:23,Telugu Top 30
"Kumkumala (From ""Brahmastra (Telugu)"")","Pritam, Sid Sriram","Kumkumala (From ""Brahmastra (Telugu)"")",04:38,Telugu Top 30
"Inthandham (From ""Sita Ramam (Telugu)"")","Vishal Chandrashekhar, S.P.Charan","Inthandham (From ""Sita Ramam (Telugu)"")",03:39,Telugu Top 30
Akdi Pakdi (Telugu)  ,"Lijo George, DJ Chetas, Sunil Kashyap, Anurag Kulkarni, Ramya Behara","Akdi Pakdi (Telugu) (From ""Liger (Telugu)"")",03:50,Telugu Top 30
"Kaanunna Kalyanam (From ""Sita Ramam (Telugu)"")","Vishal Chandrashekhar, Anurag Kulkarni, Sinduri Vishal","Kaanunna Kalyanam (From ""Sita Ramam (Telugu)"")",03:53,Telugu Top 30
Adirindey,Sanjith Hegde,Macherla Niyojakavargam,03:39,Telugu Top 30
Bullet Song,"STR, Haripriya",The Warriorr,03:57,Telugu Top 30
Ma Ma Mahesha,"Hanuman, Sri Krishna, Jonita Gandhi",Ma Ma Mahesha - Sarkaru Vaari Paata,04:07,Telugu Top 30
Ento Enteynto,Jonita Gandhi,Thank You,03:46,Telugu Top 30
Kalaavathi,"Hanuman, Sid Sriram",Kalaavathi - Sarkaru Vaari Paata,04:02,Telugu Top 30
Farewell Song,Armaan Malik,Thank You,04:13,Telugu Top 30
"Naa Peru Seesa (From ""Ramarao On Duty"")","Shreya Ghoshal, Sam C.S.","Naa Peru Seesa (From ""Ramarao On Duty"")",03:30,Telugu Top 30
Priyathama,Sid Sriram,Kotha Kothaga,03:41,Telugu Top 30
Dhada Dhada,Haricharan,The Warriorr,04:07,Telugu Top 30
Mehabooba,Ananya Bhat,Kgf Chapter 2,03:32,Telugu Top 30
Whistle Song,"Anthony Daasan, Srinisha Jayaseelan",The Warriorr,03:23,Telugu Top 30
"Naa Kosam (From ""Bangarraju"")","Sid Sriram, Anup Rubens","Naa Kosam (From ""Bangarraju"")",04:17,Telugu Top 30
"Halamithi Habibo (From ""Beast"")","Anirudh, Jonita Gandhi","Halamithi Habibo (From ""Beast"")",04:40,Telugu Top 30
Life Ante Itta Vundaala,"Rahul Sipligunj, Geetha Madhuri",F3 (Fun and Frustration),04:13,Telugu Top 30
"Mathuga Mathuga (From ""Vikram Hitlist"")","Anirudh, Kamal Haasan","Mathuga Mathuga (From ""Vikram Hitlist"")",03:31,Telugu Top 30
"Baguntundhi Nuvvu Navvithe (From ""Atithi Devobhava"")","Shekar Chandra, Sid Sriram, Nutana Mohan","Baguntundhi Nuvvu Navvithe (From ""Atithi Devobhava"")",03:43,Telugu Top 30
Dola Re,Mangli,Lambasingi (A Pure Love Story),03:21,Telugu Top 30
Neetho Unte Chalu,"M. M. Kreem, Mohana Bhogaraju, Sandilya Pisapati","Neetho Unte Chalu (From ""Bimbisara"")",04:47,Telugu New Release Hot 30
"Siri Siri Muvvallona (From ""Ranga Ranga Vaibhavanga"")","Devi Sri Prasad, Javed Ali , Shreya Ghoshal","Siri Siri Muvvallona (From ""Ranga Ranga Vaibhavanga"")",03:39,Telugu New Release Hot 30
Abba Abba,"Harika Narayan, Sri Krishna",Wanted Pandugod,02:59,Telugu New Release Hot 30
Aakashame Nuvvani,"Achu, Chinmayi, Sid Sriram","Aakashame Nuvvani (From ""Diamond Raja"")",04:43,Telugu New Release Hot 30
Title Song,"Ajay Arasada, Anurag Kulkarni","Title Song (From ""Rajahmundry Rose Milk"")",03:12,Telugu New Release Hot 30
"Aafat (Telugu) [From ""Liger (Telugu)""]","Tanishk Bagchi, Simha, Sravana Bhargavi","Aafat (Telugu) (From ""Liger (Telugu)"")",02:44,Telugu New Release Hot 30
Gulebakavali,"Chirrantan Bhatt, Chinmayi","Gulebakavali (From ""Bimbisara"")",03:56,Telugu New Release Hot 30
Ra Ra Reddy I Am Ready,Lipsika,Macherla Niyojakavargam,04:20,Telugu New Release Hot 30
Parugu Parugu,"Prudhvi Chandra, Aparna Nandan",Wanted Pandugod,03:42,Telugu New Release Hot 30
Vijayaho,"M. M. Kreem, Gomathi, Raghuram, Lokesh, Poornima, Sai Charan, Sri Soumya, Harika Narayan, Hemachandra Vedala, Arun Kaundinya , Nayana Nair","Vijayaho (From ""Bimbisara"")",02:52,Telugu New Release Hot 30
Adirindey,Sanjith Hegde,Macherla Niyojakavargam,03:39,Telugu New Release Hot 30
Ento Enteynto,Jonita Gandhi,Thank You,03:46,Telugu New Release Hot 30
Nenu Pytesina First Roje,"Achu, Vaikom Vijayalakshmi","Nenu Pytesina First Roje (From ""Janakiram"")",04:52,Telugu New Release Hot 30
"Waat Laga Denge (Telugu) [From ""Liger (Telugu)""]","Sunil Kashyap, Vijay Deverakonda","Waat Laga Denge (Telugu) (From ""Liger (Telugu)"")",01:23,Telugu New Release Hot 30
"Ponge Nadhi [From ""PS-1 (Telugu)""]","A.R. Rahman, Bamba Bakya","Ponge Nadhi [From ""PS-1 (Telugu)""] (Original Motion Picture Soundtrack)",04:51,Telugu New Release Hot 30
Akdi Pakdi (Telugu)  ,"Lijo George, DJ Chetas, Sunil Kashyap, Anurag Kulkarni, Ramya Behara","Akdi Pakdi (Telugu) (From ""Liger (Telugu)"")",03:50,Telugu New Release Hot 30
Ante Sundaraniki Promo Song,"Vivek Sagar, Shankar Mahadevan, Shweta Mohan","Ante Sundaraniki Promo Song (From ""Ante Sundaraniki"")",04:59,Telugu New Release Hot 30
"Kumkumala (From ""Brahmastra (Telugu)"")","Pritam, Sid Sriram","Kumkumala (From ""Brahmastra (Telugu)"")",04:38,Telugu New Release Hot 30
Okkasari Ninne Ninne Chudalani - Janakiram,Achu,"Okkasari Ninne Ninne Chudalani (From ""Janakiram"")",03:58,Telugu New Release Hot 30
Kommallo,"Sanah Moidutty, Yazin Nizar",High Way,04:19,Telugu New Release Hot 30
Thank You Title Song,Karthik,Thank You,03:60,Telugu New Release Hot 30
"Kaanunna Kalyanam (From ""Sita Ramam (Telugu)"")","Vishal Chandrashekhar, Anurag Kulkarni, Sinduri Vishal","Kaanunna Kalyanam (From ""Sita Ramam (Telugu)"")",03:53,Telugu New Release Hot 30
Bullet Song,"STR, Haripriya",The Warriorr,03:57,Telugu New Release Hot 30
Whistle Song,"Anthony Daasan, Srinisha Jayaseelan",The Warriorr,03:23,Telugu New Release Hot 30
"Nammalani Undi (From ""Jayamundhi Bhayamela Manasaa"")","Haricharan, Ramya Behara, Kalyan Nayak","Nammalani Undi (From ""Jayamundhi Bhayamela Manasaa"")",04:11,Telugu New Release Hot 30
Nee Kosam,Sreerama Chandra,Nee Kosam,04:01,Telugu New Release Hot 30
Ra Ra Rakkamma,"Nakash Aziz, Mangli",Vikrant Rona,03:38,Telugu New Release Hot 30
E Nimisham,"Manisha Eerabathini, Sri Krishna",Thank You,04:24,Telugu New Release Hot 30
"Happy Birthday Mama (From ""Haseena"")","Rahul Sipligunj, Shahrukh Shaik","Happy Birthday Mama (From ""Haseena"")",03:50,Telugu New Release Hot 30
"Tur Kalleyan (From ""Laal Singh Chaddha"")","Pritam, Shadab Faridi, Altamash Faridi, Sreerama Chandra","Tur Kalleyan (From ""Laal Singh Chaddha"")",05:38,Telugu New Release Hot 30
Madura Veeran,"Yuvan Shankar Raja, Aditi Shankar",Viruman (Original Motion Picture Soundtrack),03:50,Tamil New Release Hot 30
"Ponni Nadhi (From ""Ponniyin Selvan Part -1"") (Tamil)","A.R. Rahman, AR Raihanah, Bamba Bakya","Ponni Nadhi (From ""Ponniyin Selvan Part -1"") (Original Motion Picture Soundtrack)",04:51,Tamil New Release Hot 30
"Deva Deva (From ""Brahmastra (Tamil)"")","Pritam, Sid Sriram, Arijit Singh, Jonita Gandhi","Deva Deva (From ""Brahmastra (Tamil)"")",04:37,Tamil New Release Hot 30
Vanakkam Chennai Chess,A.R. Rahman,Vanakkam Chennai Chess,02:54,Tamil New Release Hot 30
Vela Kidachiruchu,"Shaan Rahman, Vineeth Sreenivasan","Vela Kidachiruchu (From ""Varalaru Mukkiyam"")",04:07,Tamil New Release Hot 30
"Rangarattinam (From ""Natchathiram Nagargiradhu"")","Tenma, MS Krsna, Gana Muthu, Sangita Santhosham, Kavitha Gopi, Karthik Manickavasakam, Arivu","Rangarattinam (From ""Natchathiram Nagargiradhu"")",04:50,Tamil New Release Hot 30
"Keeche Keeche (From ""Anel Meley Pani Thuli"")","Santhosh Narayanan, Meenakshi Elayaraja","Keeche Keeche (From ""Anel Meley Pani Thuli"")",03:12,Tamil New Release Hot 30
Vaanam Kidukidunga,"Yuvan Shankar Raja, Muthu Sirpi",Viruman (Original Motion Picture Soundtrack),04:08,Tamil New Release Hot 30
"Saachitale (From ""Love Today"")",Yuvan Shankar Raja,"Saachitale (From ""Love Today"")",03:59,Tamil New Release Hot 30
"Anbarey (From ""Gulu Gulu"")","Santhosh Narayanan, Dhee","Anbarey (From ""Gulu Gulu"")",03:44,Tamil New Release Hot 30
"Aafat (Tamil) [From ""Liger (Tamil)""]","Tanishk Bagchi, Deepak Blue, Haripriya","Aafat (Tamil) (From ""Liger (Tamil)"")",02:44,Tamil New Release Hot 30
Nee Yaaro,"Y. Raghav Prasad, Anand Aravindakshan, Mridula Warrier","Nee Yaaro (From ""Thudikkum Karangal"")",04:27,Tamil New Release Hot 30
"Life of Pazham (From ""Thiruchitrambalam"")",Anirudh,"Life of Pazham (From ""Thiruchitrambalam"")",03:55,Tamil New Release Hot 30
"Ninaivugal (From ""Captain"")","D. Imman, Yuvan Shankar Raja","Ninaivugal (From ""Captain"")",04:27,Tamil New Release Hot 30
"Megham Karukatha (From ""Thiruchitrambalam"")","Dhanush, Anirudh","Megham Karukatha (From ""Thiruchitrambalam"")",04:50,Tamil New Release Hot 30
Naan Poranthathume,"Achu, Sujatha","Naan Poranthathume (From ""Janakiram"")",04:56,Tamil New Release Hot 30
Kannama,"Achu, Ben Human",Kannama,03:29,Tamil New Release Hot 30
"Kannukkulle (From ""Sita Ramam (Tamil)"")","Vishal Chandrashekhar, Haricharan, Sinduri Vishal","Kannukkulle (From ""Sita Ramam (Tamil)"")",03:53,Tamil New Release Hot 30
Unna Paarka Unna Paarka,Achu,"Unna Paarka Unna Paarka (From ""Janakiram"")",04:01,Tamil New Release Hot 30
"Chellamey (From ""Poikkal Kuthirai"")","Sid Sriram, Madhan Karky, D. Imman","Chellamey (From ""Poikkal Kuthirai"")",03:47,Tamil New Release Hot 30
En Mel Vizhundha Mazhaiye,"Ghibran, Kapil Kapilan","En Mel Vizhundha Mazhaiye (From ""Dejavu"")",03:19,Tamil New Release Hot 30
"Thenmozhi (From ""Thiruchitrambalam"")","Santhosh Narayanan, Anirudh","Thenmozhi (From ""Thiruchitrambalam"")",02:53,Tamil New Release Hot 30
"Singleu (From ""Poikkal Kuthirai"")","G. V. Prakash  , D. Imman, Madhan Karky","Singleu (From ""Poikkal Kuthirai"")",03:27,Tamil New Release Hot 30
"Theethiriyaai (From ""Brahmastra (Tamil)"")","Pritam, Sid Sriram","Theethiriyaai (From ""Brahmastra (Tamil)"")",04:38,Tamil New Release Hot 30
"Thaai Kelavi (From ""Thiruchitrambalam"")","Dhanush, Anirudh","Thaai Kelavi (From ""Thiruchitrambalam"")",04:19,Tamil New Release Hot 30
"Uyir Urugudhey (From ""Cobra"")",A.R. Rahman,"Uyir Urugudhey (From ""Cobra"")",05:13,Tamil New Release Hot 30
"Ethikkum (From ""Kallapart"")","Nivas K Prasanna, Malvi Sundaresan, Saras Menon","Ethikkum (From ""Kallapart"")",04:51,Tamil New Release Hot 30
Akdi Pakdi (Tamil)  ,"Lijo George, DJ Chetas, Sunil Kashyap, Sagar, Vaishnavi Kovvuri","Akdi Pakdi (Tamil) (From ""Liger (Tamil)"")",03:50,Tamil New Release Hot 30
Tharangini,"A.R. Rahman, Sarthak Kalyani, Mira Sengupta",Cobra (Original Motion Picture Soundtrack),03:37,Tamil New Release Hot 30
Azhagazhaga,"Achu, Rahul Nambiar","Azhagazhaga (From ""Janakiram"")-Tamil",04:56,Tamil New Release Hot 30
"Thaai Kelavi (From ""Thiruchitrambalam"")","Dhanush, Anirudh","Thaai Kelavi (From ""Thiruchitrambalam"")",04:19,Tamil Top 30
Lokiverse (Background Score),Anirudh,Vikram (Original Background Score),02:36,Tamil Top 30
"Hey Sita Hey Rama (From ""Sita Ramam (Tamil)"")","Vishal Chandrashekhar, S.P.Charan, Sinduri","Hey Sita Hey Rama (From ""Sita Ramam (Tamil)"")",04:06,Tamil Top 30
Bullet Song,"STR, Haripriya",The Warriorr (Tamil),03:57,Tamil Top 30
"Arabic Kuthu (From ""Beast"")","Anirudh, Jonita Gandhi","Arabic Kuthu - Halamithi Habibo (From ""Beast"")",04:40,Tamil Top 30
Akdi Pakdi (Tamil)  ,"Lijo George, DJ Chetas, Sunil Kashyap, Sagar, Vaishnavi Kovvuri","Akdi Pakdi (Tamil) (From ""Liger (Tamil)"")",03:50,Tamil Top 30
"Uyir Urugudhey (From ""Cobra"")",A.R. Rahman,"Uyir Urugudhey (From ""Cobra"")",05:13,Tamil Top 30
"Pathala Pathala (From ""Vikram"")","Anirudh, Kamal Haasan","Pathala Pathala (From ""Vikram"")",03:31,Tamil Top 30
Sandhanam Theme (Background Score),Anirudh,Vikram (Original Background Score),01:47,Tamil Top 30
Mayakirriye,"Anivee, Anirudh",Mayakirriye,03:10,Tamil Top 30
"Mosalo Mosalu (From ""The Legend"")","Harris Jayaraj, Armaan Malik, Mukesh Mohamed","Mosalo Mosalu (From ""The Legend"")",04:45,Tamil Top 30
Whistle Song,"Anthony Daasan, Srinisha Jayaseelan",The Warriorr (Tamil),03:23,Tamil Top 30
Rolex Theme (Background Score),Anirudh,Vikram (Original Background Score),00:53,Tamil Top 30
"Dippam Dappam (From ""Kaathuvaakula Rendu Kaadhal"")","Anirudh, Anthony Daasan","Dippam Dappam (From ""Kaathuvaakula Rendu Kaadhal"")",03:29,Tamil Top 30
"Kannukkulle (From ""Sita Ramam (Tamil)"")","Vishal Chandrashekhar, Haricharan, Sinduri Vishal","Kannukkulle (From ""Sita Ramam (Tamil)"")",03:53,Tamil Top 30
Vikram (Title Track),Anirudh,Vikram (Original Motion Picture Soundtrack),03:39,Tamil Top 30
"Private Party (From ""Don"")","Anirudh, Jonita Gandhi","Private Party (From ""Don"")",03:37,Tamil Top 30
"Beast Mode (From ""Beast"")",Anirudh,"Beast Mode (From ""Beast"")",03:40,Tamil Top 30
Once Upon a Time,Anirudh,Vikram (Original Motion Picture Soundtrack),02:24,Tamil Top 30
"Bae (From ""Don"")","Anirudh, Adithya RK","Bae (From ""Don"")",04:03,Tamil Top 30
"Kanja Poovu Kannala (From ""Viruman"")","Yuvan Shankar Raja, Sid Sriram","Kanja Poovu Kannala (From ""Viruman"")",03:58,Tamil Top 30
"Naan Pizhai (From ""Kaathuvaakula Rendu Kaadhal"")","Anirudh, Ravi G, Shashaa Tirupati","Naan Pizhai (From ""Kaathuvaakula Rendu Kaadhal"") (Instrumental Piano)",04:04,Tamil Top 30
"Jalabulajangu (From ""Don"")","Anirudh, Rokesh","Jalabulajangu (From ""Don"")",03:23,Tamil Top 30
"Porkanda Singam (EDM Version) [From ""Vikram""]",Anirudh,"Porkanda Singam (EDM Version) (From ""Vikram"")",02:29,Tamil Top 30
Wasted,Anirudh,Vikram (Original Motion Picture Soundtrack),03:03,Tamil Top 30
"Jolly O Gymkhana (From ""Beast"")","Thalapathy Vijay, Anirudh","Jolly O Gymkhana (From ""Beast"")",03:28,Tamil Top 30
Enna Othaiyila,"G. V. Prakash  , Velmurugan",Yaanai (Original Motion Picture Soundtrack),04:32,Tamil Top 30
Pachigalam Paravaigalam,"G. V. Prakash  , Navakkarai Naveen Prabanjam",Bachelor (Original Motion Picture Soundtrack),03:33,Tamil Top 30
Oorukaaran,"Hiphop Tamizha, ERA, Chinna Ponnu",Oorukaaran,02:39,Tamil Top 30
"Adheeraa (From ""Cobra"")","A.R. Rahman, Vagu Mazan, thoughtsfornow","Adheeraa (From ""Cobra"")",04:19,Tamil Top 30
"Manavaalan Thug - From ""Thallumaala""","Dabzee, SA","Manavaalan Thug (From ""Thallumaala"")",03:20,Malayalam New Release Hot 30
"Deva Deva (From ""Brahmastra (Malayalam)"")","Pritam, Hesham Abdul Wahab, Arijit Singh, Arya Dhayal","Deva Deva (From ""Brahmastra (Malayalam)"")",04:37,Malayalam New Release Hot 30
"Ndaakkippaattu - From ""Thallumaala""","Vishnu Vijay, Muhsin Parari, Shenbagaraj, Santhosh Hariharan, Sreeraj, Swathi Das, Austin Dan, Lukman Avaran, Adri Joe, Gokulan, Binu Pappu","Ndaakkippaattu (From ""Thallumaala"")",02:40,Malayalam New Release Hot 30
"Ladki (From ""Mike"")","Hesham Abdul Wahab, Sithara Krishnakumar","Ladki (From ""Mike"")",04:14,Malayalam New Release Hot 30
Khalbile Hoori,"Shaan Rahman, Unni Mukundan","Khalbile Hoori (From ""Shefeekkinte Santhosham"")",04:13,Malayalam New Release Hot 30
"Devadoothar Paadi (From ""Nna Thaan Case Kodu"")","Biju Narayanan, Ouseppachan","Devadoothar Paadi (From ""Nna Thaan Case Kodu"")",05:45,Malayalam New Release Hot 30
"Aafat (Malayalam) [From ""Liger (Malayalam)""]","Tanishk Bagchi, Manzoor Ibrahim, Jyotsna Radhakrishnan","Aafat (Malayalam) (From ""Liger (Malayalam)"")",02:44,Malayalam New Release Hot 30
Aakasha Poochoodum,"Nithin George, P. Jayachandran, Sujatha","Aakasha Poochoodum (From ""Vamanan"")",04:00,Malayalam New Release Hot 30
Paravakal,"Govind Vasantha, Chinmayi",19 1a (Original Motion Picture Soundtrack),03:59,Malayalam New Release Hot 30
"Yentharu (From ""Oru Thekkan Thallu Case"")","Justin Varghese, Himna Hilari, Anwar Ali","Yentharu (From ""Oru Thekkan Thallu Case"")",03:36,Malayalam New Release Hot 30
Ponni Nadhi [From “PS-1 (Malayalam)”],"Alphons Joseph, AR Raihanah, Jithinraj",Ponni Nadhi [From “PS-1 (Malayalam)”] (Original Motion Picture Soundtrack),04:51,Malayalam New Release Hot 30
"Mannum Niranje - From ""Malayankunju""","A.R. Rahman, Shweta Mohan","Mannum Niranje (From ""Malayankunju"")",03:17,Malayalam New Release Hot 30
Thallumaala Paattu,"Hrithik Jayakish, Neha Girish, Eshaan Sanil, Thejas Krishna, Vishnu Vijay","Thallumaala Paattu (From ""Thallumaala"")",03:04,Malayalam New Release Hot 30
"Kunkumamaake (From ""Brahmastra (Malayalam)"")","Pritam, Hesham Abdul Wahab, Sid Sriram","Kunkumamaake (From ""Brahmastra (Malayalam)"")",04:38,Malayalam New Release Hot 30
"Kannil Kannil (From ""Sita Ramam (Malayalam)"")","Vishal Chandrashekhar, K.S. Harisankar, Sinduri Vishal","Kannil Kannil (From ""Sita Ramam (Malayalam)"")",03:53,Malayalam New Release Hot 30
"Nee Orindrajalame (From ""Bermuda"")","Ramesh Narayan, Madhushree Narayan, Vinayak Sasikumar","Nee Orindrajalame (From ""Bermuda"")",03:26,Malayalam New Release Hot 30
"Mayamanjin (From ""Paappan"")","Jakes Bejoy, Libin Scaria","Mayamanjin (From ""Paappan"")",04:02,Malayalam New Release Hot 30
"Pala Palli (From ""Kaduva"")","Jakes Bejoy, Athul Narukara","Pala Palli (From ""Kaduva"")",04:30,Malayalam New Release Hot 30
"Madhura Jeeva Ragam (From ""Sundari Gardens"")","Alphons Joseph, Mridula Warrier","Madhura Jeeva Ragam (From ""Sundari Gardens"")",04:20,Malayalam New Release Hot 30
"Ingattu Nokku - From ""Chattambi""","Sreenath Bhasi, Sekhar Menon",Chattambi,03:18,Malayalam New Release Hot 30
"Pancharakko (From ""Solomonte Theneechakal"")","Vidyasagar, Athira Sujith, Reena Murali","Pancharakko (From ""Solomonte Theneechakal"")",04:20,Malayalam New Release Hot 30
"Aaraam Naal (From ""Visudha Mejo"")","Vipin Lal, Meera Johny, Justin Varghese","Aaraam Naal (From ""Visudha Mejo"")",03:57,Malayalam New Release Hot 30
"Kudamattam Palli (From ""Kaduva"")","Jakes Bejoy, Swetha Ashok, Vijay Yesudas, Sachin Raj","Kudamattam Palli (From ""Kaduva"")",03:34,Malayalam New Release Hot 30
"Cholappenne - From ""Malayankunju""","A.R. Rahman, Vijay Yesudas","Cholappenne (From ""Malayankunju"")",03:42,Malayalam New Release Hot 30
"Neeyennoralil (From ""Paappan"")","Jakes Bejoy, Vijay Yesudas","Neeyennoralil (From ""Paappan"")",04:44,Malayalam New Release Hot 30
Thakaramale Samayamale Unaru,"Ishaan Chhabra, K.S. Harisankar, Anand Sreeraj",Mahaveeryar,04:18,Malayalam New Release Hot 30
"Paalvarnna Kuthiramel (From ""Kaduva"")","Jakes Bejoy, Libin Scaria, Midhun Suresh, Swetha Ashok","Paalvarnna Kuthiramel (From ""Kaduva"")",04:14,Malayalam New Release Hot 30
Aadalodakam,"Dawn Vincent, Shahabaz Aman, Soumya Ramakrishnan",Nna Thaan Case Kodu,03:14,Malayalam New Release Hot 30
Ole Melody,"Haricharan Seshadri, Benny Dayal, Salim Kumar, Vishnu Vijay","Ole Melody (From ""Thallumaala"")",04:02,Malayalam New Release Hot 30
"Aaromal (From ""Sita Ramam (Malayalam)"")","Vishal Chandrashekhar, Sooraj Santhosh","Aaromal (From ""Sita Ramam (Malayalam)"")",03:39,Malayalam New Release Hot 30
"Pala Palli (From ""Kaduva"")","Jakes Bejoy, Athul Narukara","Pala Palli (From ""Kaduva"")",04:30,Malayalam Top 30
Mehabooba,Ananya Bhat,Kgf Chapter 2,03:32,Malayalam Top 30
"Pen Poove Thenvande (From ""Sita Ramam (Malayalam)"")","Vishal Chandrashekhar, Sharreth, Nithya Mammen","Pen Poove Thenvande (From ""Sita Ramam (Malayalam)"")",04:06,Malayalam Top 30
"Devadoothar Paadi (From ""Nna Thaan Case Kodu"")","Biju Narayanan, Ouseppachan","Devadoothar Paadi (From ""Nna Thaan Case Kodu"")",05:45,Malayalam Top 30
Kaanan Thonnununde,"Sidharth Sankar, Siddharth Menon",Kaanan Thonnununde,04:42,Malayalam Top 30
Kana En Maname,Sreejith Edavana,Salmon 3D,04:39,Malayalam Top 30
"Paalvarnna Kuthiramel (From ""Kaduva"")","Jakes Bejoy, Libin Scaria, Midhun Suresh, Swetha Ashok","Paalvarnna Kuthiramel (From ""Kaduva"")",04:14,Malayalam Top 30
"Sulthana (From ""Kgf Chapter 2"")","Anwar Sadath, M.T. Sruthikanth, Vipin Xavier, Prakash Mahadevan, Santhosh Venky, Aishwarya Rangarajan, Ravi Basrur, Mohan Krishna","Sulthana (From ""Kgf Chapter 2"")",03:45,Malayalam Top 30
"Pon Malare (From ""Major - Malayalam"")","Sricharan Pakala, Ayraan","Pon Malare (From ""Major - Malayalam"")",03:35,Malayalam Top 30
"Mannum Niranje - From ""Malayankunju""","A.R. Rahman, Shweta Mohan","Mannum Niranje (From ""Malayankunju"")",03:17,Malayalam Top 30
Akasham Pole,"Sushin Shyam, Hamsika Iyer, Kapil Kapilan",Bheeshma Parvam,03:29,Malayalam Top 30
"Kannil Kannil (From ""Sita Ramam (Malayalam)"")","Vishal Chandrashekhar, K.S. Harisankar, Sinduri Vishal","Kannil Kannil (From ""Sita Ramam (Malayalam)"")",03:53,Malayalam Top 30
Rathipushpam,"Unni Menon, Sushin Shyam",Bheeshma Parvam,02:42,Malayalam Top 30
Parudeesa,"Sreenath Bhasi, Sushin Shyam",Bheeshma Parvam,04:03,Malayalam Top 30
"Gaganam Nee (From ""Kgf Chapter 2"")","Ananya Bhat, Ravi Basrur","Gaganam Nee (From ""Kgf Chapter 2"")",02:51,Malayalam Top 30
Elamalakaadinullil,"Haricharan, Ranjin Raj",Elamalakaadinullil - Pathaam Valavu,04:42,Malayalam Top 30
"Onakka Munthiri (From ""Hridayam"")","Hesham Abdul Wahab, Divya Vineeth","Onakka Munthiri (From ""Hridayam"")",01:59,Malayalam Top 30
"Paathi Paathi (From ""Night Drive"")","Ranjin Raj, Kapil Kapilan, Nithya Mammen","Paathi Paathi (From ""Night Drive"")",03:43,Malayalam Top 30
Puthiyoru Lokam,"Hesham Abdul Wahab, Vimal Roy, Bhadra Rajin",Hridayam (Side B) (Original Motion Picture Soundtrack),03:22,Malayalam Top 30
"Akashamayavale (From ""Vellam - The Essential Drink"")","Bijibal, Shahabaz Aman","Akashamayavale (From ""Vellam - The Essential Drink"")",03:45,Malayalam Top 30
"Toofan (From ""Kgf Chapter 2"")","Prakash Mahadevan, Santhosh Venky, Aishwarya Rangarajan, Ravi Basrur, Mohan Krishna, Anwar Sadath, M.T.Sruthikanth, Vipin Xavier","Toofan (From ""Kgf Chapter 2"")",03:34,Malayalam Top 30
Onnanam Nallorilam Kavungu,"Ram Surendar, Durga Viswanath",Onnanam Nallorilam Kavungu,05:20,Malayalam Top 30
Be Notorious (Title Track),"Sushin Shyam, Hamsika Iyer,  Yogi B",Bheeshma Parvam (Original Motion Picture Soundtrack),02:54,Malayalam Top 30
"Bonding Song (From ""777 Charlie - Malayalam"")","Nobin Paul, Vineeth Sreenivasan","Bonding Song (From ""777 Charlie - Malayalam"")",04:28,Malayalam Top 30
Kaana Kuyile,"Deepak Dev, Evugin, Anne Ammie",Bro Daddy (Original Motion Picture Soundtrack),05:43,Malayalam Top 30
Pottu Thotta Pournami,"Hesham Abdul Wahab, Sachin Balu, Megha Josekutty",Hridayam (Side B) (Original Motion Picture Soundtrack),03:22,Malayalam Top 30
The Ajagajantharam-Psy,Justin Varghese,Ajagajantharam (Original Background Score),02:31,Malayalam Top 30
"Cholappenne - From ""Malayankunju""","A.R. Rahman, Vijay Yesudas","Cholappenne (From ""Malayankunju"")",03:42,Malayalam Top 30
"Thathaka Theithare (From ""Hridayam"")","Hesham Abdul Wahab, Prithviraj Sukumaran","Thathaka Theithare (From ""Hridayam"")",02:26,Malayalam Top 30
Kannil Pettole,"Vishnu Vijay, Irfana","Kannil Pettole (From ""Thallumaala"")",02:55,Malayalam Top 30
Saagide,"Arjun Janya, Vijay Prakash","Saagide (From ""Once Upon A Time in Jamaaligudda"")",02:52,Kannada New Release Hot 30
That's OK - 1 Min Music,Rahul Dit-O,That's OK - 1 Min Music,01:01,Kannada New Release Hot 30
Onti Savari,"Arfaz Ullal, Makthum Ali",Onti Savari,04:26,Kannada New Release Hot 30
Payana,Vasuki Vaibhav,Payana,04:53,Kannada New Release Hot 30
Naanaadada Maathellava,Sonu Nigam,Gaalipata 2,04:18,Kannada New Release Hot 30
Chikki Bombe,"Vijay Prakash, Karthik, Harshika Devanath",Vikrant Rona,03:30,Kannada New Release Hot 30
Naanu Hogoku Modlu,"Vijay Prakash, Manasa Holla",Dhamaka,03:42,Kannada New Release Hot 30
"Kesariya Rangu (From ""Brahmastra (Kannada)"")","Pritam, Sanjith Hegde","Kesariya Rangu (From ""Brahmastra (Kannada)"")",04:38,Kannada New Release Hot 30
Neenu Bagehariyada Haadu,Nihal Tauro,Gaalipata 2,04:08,Kannada New Release Hot 30
"Aafat (Kannada) [From ""Liger (Kannada)""]","Tanishk Bagchi, Santhosh Venky, Divya Ramachandra","Aafat (Kannada) (From ""Liger (Kannada)"")",02:44,Kannada New Release Hot 30
"The Devil's Fury - Gumma Banda Gumma (From ""Vikrant Rona"")","Anup Bhandari, Deepak Blue, Harshika Devanath, B. Ajaneesh Loknath","The Devil's Fury - Gumma Banda Gumma (From ""Vikrant Rona"") - KANNADA",02:13,Kannada New Release Hot 30
"Ponni Nadhi [From ""PS-1 (Kannada)""]","Nakul Abhyankar, AR Raihanah, Bamba Bakya","Ponni Nadhi [From ""PS-1 (Kannada)""] (Original Motion Picture Soundtrack)",04:51,Kannada New Release Hot 30
"Ra Ra Rakkamma (From ""Vikrant Rona"")","Nakash Aziz, Sunidhi Chauhan, B. Ajaneesh Loknath","Ra Ra Rakkamma (From ""Vikrant Rona"")",03:38,Kannada New Release Hot 30
"Bonding Song (From ""777 Charlie - Kannada"")","Nobin Paul, Pancham Jeeva","Bonding Song (From ""777 Charlie - Kannada"")",04:28,Kannada New Release Hot 30
Aniside Eko,"Armaan Malik, Sangeetha Ravindranath",Aparoopa,04:37,Kannada New Release Hot 30
"Kolthiya kolthiya (From ""DAD (Devaraj Alias David)"")","Akash Seth, Vasuki Vaibhav","Kolthiya kolthiya (From ""DAD (Devaraj Alias David)"")",04:01,Kannada New Release Hot 30
You are my Kareena,"Punith Rajkumar, Sangeetha Ravindranath",Aparoopa,00:46,Kannada New Release Hot 30
Devle Devle Devle,Vijay Prakash,Gaalipata 2,03:56,Kannada New Release Hot 30
Urmila,"Rahul Dit-O, Eshani",Urmila,02:51,Kannada New Release Hot 30
"Lullaby Song - Rajkumari (From ""Vikrant Rona"")","Vijay Prakash, B. Ajaneesh Loknath","Lullaby Song - Rajkumari (From ""Vikrant Rona"")",03:26,Kannada New Release Hot 30
"Raaga Sudha (From ""Monsoon Raaga"")","J Anoop Seelin, Jyothi Vyasraj, Manasa Holla, Shilpa Madhusudhan","Raaga Sudha (From ""Monsoon Raaga"")",02:41,Kannada New Release Hot 30
"Akdi Pakdi (From ""Liger"")","Lijo George, DJ Chetas, Sunil Kashyap, Dev Negi, Pawni Pandey","Akdi Pakdi (From ""Liger"")",03:50,Kannada New Release Hot 30
"Shakuntala Shake Your Body Please (From ""Trivikrama"")","Nakash Aziz, Aishwarya Rangarajan, Arjun Janya","Shakuntala Shake Your Body Please (From ""Trivikrama"")",03:54,Kannada New Release Hot 30
Thale Kettaga Onde Formula,Vijay Prakash,Abbara,03:32,Kannada New Release Hot 30
Hey Hrudayave Chooru,"Arjun Janya, Rajesh, Ankita Kundu",Trivikrama (Original Motion Picture Soundtrack),05:25,Kannada New Release Hot 30
"Nenne Tanaka (From ""Trivikrama"")","Sanjith Hegde, Arjun Janya","Nenne Tanaka (From ""Trivikrama"")",04:17,Kannada New Release Hot 30
"Maaya Gange (From ""Banaras"")","Armaan Malik, B. Ajaneesh Loknath","Maaya Gange (From ""Banaras"")",04:35,Kannada New Release Hot 30
"Bonding Song (From ""777 Charlie - Malayalam"")","Nobin Paul, Vineeth Sreenivasan","Bonding Song (From ""777 Charlie - Malayalam"")",04:28,Kannada New Release Hot 30
"Sahapaati (From ""777 Charlie - Kannada"")","Nobin Paul, Aarna Shetty","Sahapaati (From ""777 Charlie - Kannada"")",04:00,Kannada New Release Hot 30
Sambhalisu,Sanjith Hegde,RajaMarthanda,03:50,Kannada New Release Hot 30
"Ra Ra Rakkamma (From ""Vikrant Rona"")","Nakash Aziz, Sunidhi Chauhan, B. Ajaneesh Loknath","Ra Ra Rakkamma (From ""Vikrant Rona"")",03:38,Kannada Top 30
Urmila,"Rahul Dit-O, Eshani",Urmila,02:51,Kannada Top 30
Naanaadada Maathellava,Sonu Nigam,Gaalipata 2,04:18,Kannada Top 30
Mehabooba,Ananya Bhat,Kgf Chapter 2,03:32,Kannada Top 30
Neenu Bagehariyada Haadu,Nihal Tauro,Gaalipata 2,04:08,Kannada Top 30
"Dingar Billi (From ""Champion"")","Shashank Sheshagiri, Indu Nagaraj, B. Ajaneesh Loknath","Dingar Billi (From ""Champion"")",04:37,Kannada Top 30
Bytwo Bytwo,Mano,Bytwo Love,03:21,Kannada Top 30
"Lullaby Song - Rajkumari (From ""Vikrant Rona"")","Vijay Prakash, B. Ajaneesh Loknath","Lullaby Song - Rajkumari (From ""Vikrant Rona"")",03:26,Kannada Top 30
"Nenne Tanaka (From ""Trivikrama"")","Sanjith Hegde, Arjun Janya","Nenne Tanaka (From ""Trivikrama"")",04:17,Kannada Top 30
"Sanchariyaagu Nee Ee Payanaku (From ""Love Mocktail 2"")",Nakul Abhyankar,"Sanchariyaagu Nee Ee Payanaku (From ""Love Mocktail 2"")",01:56,Kannada Top 30
"Sahapaati (From ""777 Charlie - Kannada"")","Nobin Paul, Aarna Shetty","Sahapaati (From ""777 Charlie - Kannada"")",04:00,Kannada Top 30
"Matte Nodabeda (From ""Ek Love Ya"")","Sonu Nigam, Saindhavi, Arjun Janya","Matthe Nodabeda (From ""Ek Love Ya"")",04:23,Kannada Top 30
Jagave Neenu Gelathiye,Sid Sriram,Love 360,04:10,Kannada Top 30
"Sulthana (From ""Kgf Chapter 2"")","Sachin Basrur, Ravi Basrur, Puneeth Rudranag, Manish Dinakar, Varsha Acharya, Santhosh Venky, Mohan Krishna","Sulthana (From ""Kgf Chapter 2"")",03:45,Kannada Top 30
Thale Kettaga Onde Formula,Vijay Prakash,Abbara,03:32,Kannada Top 30
Jr. Monalisa,Vasuki Vaibhav,Harikathe Alla Girikathe,03:12,Kannada Top 30
"Edebaditha Joragide (From ""Ek Love Ya"")","Prems, Anuradha Bhat, Manjunath B S, Arjun Janya","Edebaditha Joragide (From ""Ek Love Ya"")",04:19,Kannada Top 30
"Meet Madana Illa Date Madana (From ""Ek Love Ya"")","Aishwarya Rangarajan, Arjun Janya","Meet Madana Illa Date Madana (From ""Ek Love Ya"")",03:41,Kannada Top 30
"Gagana Nee (From ""Kgf Chapter 2"")","Suchetha Basrur, Ravi Basrur","Gagana Nee (From ""Kgf Chapter 2"")",02:51,Kannada Top 30
"Journey Song (From ""777 Charlie - Kannada"")","Nobin Paul, Jassie Gift, Abhinandan Mahishale","Journey Song (From ""777 Charlie - Kannada"")",03:09,Kannada Top 30
Haayagide,Sid Sriram,Tom And Jerry,03:31,Kannada Top 30
"Trademark (From ""James - Kannada"")","Charan Raj, MC Vickey, Aditi Sagar, Chandan Shetty, Sharmila, Yuva Rajkumar","Trademark (From ""James - Kannada"")",03:60,Kannada Top 30
Bhajare Bhajare Bhajarangi,"Sankar Mahadevan, Arjun Janya",Bhajarangi 2,03:37,Kannada Top 30
Aagaga Nenapaguthle,Vasuki Vaibhav,Badava Rascal,00:53,Kannada Top 30
Hey Nalle,Arfaz Ullal,Hey Nalle,03:09,Kannada Top 30
Bevarsi Mansa,Vasuki Vaibhav,Harikathe Alla Girikathe,00:54,Kannada Top 30
"Bonding Song (From ""777 Charlie - Kannada"")","Nobin Paul, Pancham Jeeva","Bonding Song (From ""777 Charlie - Kannada"")",04:28,Kannada Top 30
"Yaare Yaare (From ""Ek Love Ya"")","Armaan Malik, Arjun Janya","Yaare Yaare (From ""Ek Love Ya"")",01:28,Kannada Top 30
"Alemaariye - The Soul Of Rathnakara (From ""Rathnan Prapancha"")","B. Ajaneesh Loknath, Sanjith Hegde","Alemaariye - The Soul Of Rathnakara (From ""Rathnan Prapancha"")",05:12,Kannada Top 30
Samad Gadiyar Mashup (Kannada),Samad Gadiyar,Samad Gadiyar Mashup,06:59,Kannada Top 30
Chandra,"Ajay-Atul, - Shreya Ghoshal",Chandramukhi,05:16,Marathi Top 30
Kelewali,"Avadhoot Gupte, Sampada Mane",Pandu (Original Motion Picture Soundtrack),03:56,Marathi Top 30
Bai Ga,"Ajay-Atul, - Aarya Ambekar",Chandramukhi,06:11,Marathi Top 30
Majhi Baay Go,"Keval Walanj, Sonali Sonawane, Prashant Nakti",Majhi Baay Go,04:28,Marathi Top 30
Tula I Love You Mhanto,"Keval Walanj, Sonali Sonawane",Tula I Love You Mhanto,04:38,Marathi Top 30
Pori Tujhe Nadan 2,"Prashant Nakti, Harshavardhan Wavare, Sonali Sonawane, Nick Shinde, Sanika Bhoite",Pori Tujhe Nadan 2,04:25,Marathi Top 30
Aapli Yaari (feat. Adarsh Shinde & Sonali Sonawane),Prashant Nakti,Aapli Yaari (feat. Adarsh Shinde & Sonali Sonawane),04:55,Marathi Top 30
Aho Sheth Lay Disan Jhaliya Bhet,"Sonali Sonawane, Ratndeep Kamble",Aho Sheth Lay Disan Jhaliya Bhet,05:13,Marathi Top 30
Bhurum Bhurum,"Avadhoot Gupte, Vaishali Sawant",Pandu (Original Motion Picture Soundtrack),03:44,Marathi Top 30
Hurpari,"Prashant Nakti, harshavardhan Wavre, Sonali Sonawane",Hurpari,04:23,Marathi Top 30
Majh First Love,"Raj Irmali, Sonali Sonawane",Majh First Love,03:53,Marathi Top 30
Dhin Tang,"Vaishali Samant, Anand Shinde",Dholki,04:38,Marathi Top 30
Jhootha Pyar,"Keval Walanj, Sonali Sonawane, Prashant Nakti",Jhootha Pyar,04:02,Marathi Top 30
Tu Majha Saajana,"Shravani Solaskar, Asim Akmal, Shrushti Khadse",Tu Majha Saajana,03:18,Marathi Top 30
Boyfriend Pakka Selfish Hay,"Sonali Sonawane, Rushabh Sathe",Boyfriend Pakka Selfish Hay,04:29,Marathi Top 30
Fad,LK Laxmikant,Fad,03:18,Marathi Top 30
Khandoba,Sukhwinder Singh,Rakhandaar,05:00,Marathi Top 30
Majha Chhava,"Sonali Sonawane, Kabeer Shakya",Majha Chhava,03:55,Marathi Top 30
Dhaga Dhaga,"harsh wavre, anandi joshi",Dagdi Chawl,04:28,Marathi Top 30
Ka R Deva Title Track,Adarsh Shinde,Ka R Deva,04:48,Marathi Top 30
Haseena,Rajneesh Patel,Haseena,02:43,Marathi Top 30
Bappa Morya Re,CROWN J,Bappa Morya Re,03:50,Marathi Top 30
Angaar Bhangar Nai Rr,Madhur Milind Shinde,Angar Bhangar Nay Rr - Single,03:37,Marathi Top 30
Aamcha Morya Re,Keval Walanj,Aamcha Morya Re,03:00,Marathi Top 30
Raya,"Chinmayee Sripada, Sagar Janardhan, Aditya Gharat, Hindavi Patil",Raya,05:28,Marathi Top 30
Aala Majha Bappa,"Pravin Koli, Krutika Borkar",Aala Majha Bappa,04:38,Marathi Top 30
Pori Tujha Chhand Lagla,"Sanju Rathod, Sonali Sonwane",Pori Tujha Chhand Lagla,03:58,Marathi Top 30
Mazashi Loveship Karshil Ka,"Raj Irmali, Sonali Sonawane",Mazashi Loveship Karshil Ka,03:59,Marathi Top 30
Nusta Rada,Aniket Manohare,Nusta Rada,02:56,Marathi Top 30
Majhya Govinda Re,"Keval Walanj, Sonali Sonawane",Majhya Govinda Re,04:11,Marathi Top 30
Lagin Ghayee,"Anand Shinde, Kavita Raam, Varun Likhate",Takatak 2 (Original Motion Picture Soundtrack),04:12,Marathi New Release Hot 30
Aai Shappat,"Keval Walanj, Sonali Sonawane",Aai Shappat,05:18,Marathi New Release Hot 30
"Houn Jau De (From ""Roop Nagar Ke Cheetey"")","Anand Shinde, Saurabh Salunke, Mannan Shaah","Houn Jau De (From ""Roop Nagar Ke Cheetey"")",05:04,Marathi New Release Hot 30
Saaj Tujha,"Vijay Bhate, Keval Walanj, Sonali Sonawane",Saaj Tujha,04:07,Marathi New Release Hot 30
San Aaylay Go,CROWN J,San Aaylay Go,03:33,Marathi New Release Hot 30
Bahinabai,"Sonali Sonawane, Keval Walanj",Bahinabai,04:40,Marathi New Release Hot 30
Tu Ganaraya,"Sneha Mahadik, Rohit Nanaware",Tu Ganaraya,04:26,Marathi New Release Hot 30
Babudi,Preet Bandre,Babudi,04:28,Marathi New Release Hot 30
Man Ghumtaya,"Anand Shinde, anandi joshi",Man Ghumtaya,05:01,Marathi New Release Hot 30
Narali Punvela,"Tejas Padave, Kiran Ghanekar, Pushpak Pardeshi, Sneha Mahadik",Narali Punvela,03:08,Marathi New Release Hot 30
Mi Single,"Prashant Nakti, Keval Walanj, Sonali Sonawane, Nick Sinde, Ritesh Kamble",Mi Single,04:12,Marathi New Release Hot 30
"Ghe Takatak De Takatak (From ""Takatak 2"")","Harshavardhan Wavre, Mugdha Karhade, Varun Likhate","Ghe Takatak De Takatak (From ""Takatak 2"")",02:43,Marathi New Release Hot 30
"Cold Drink (From ""Timepass 3"")","Amit Raj, Shalmali Kholgade","Cold Drink (From ""Timepass 3"")",03:12,Marathi New Release Hot 30
Tujhya Bahinicha Navra,"Anand Shinde, Ashwini Sable",Tujhya Bahinicha Navra,04:51,Marathi New Release Hot 30
Sher Shivraj Hai,Divya Kumar,Sher Shivraj Hai,05:23,Marathi New Release Hot 30
Jiv Nadavala,"Sneha Mahadik, Kewal Walanj",Jiv Nadavala,05:20,Marathi New Release Hot 30
Rimjhimte Paani,"Keval Walanj, Sneha Mahadik",Rimjhimte Paani,04:35,Marathi New Release Hot 30
Daryacha Raja,"Sneha Mahadik, Vaibhav Vaity",Daryacha Raja,03:21,Marathi New Release Hot 30
"Lovable (From ""Timepass 3"")","Amit Raj, Aarya Ambekar, Harshavardhan Wavre","Lovable (From ""Timepass 3"")",05:47,Marathi New Release Hot 30
"Sai Tujha Lekaru (From ""Timepass 3"")","Anand Shinde, Amit Raj","Sai Tujha Lekaru (From ""Timepass 3"")",04:27,Marathi New Release Hot 30
Tujha Laal Dupatta,"Prashant Nakti, Nakash Aziz, Sonali Sonawane, Nick Shinde, Bunny",Tujha Laal Dupatta,04:24,Marathi New Release Hot 30
Man Labad He(From Movie Bol Hari Bol),Bela Shende,Bol Hari Bol,03:36,Marathi New Release Hot 30
Kanyakumari,Vaishali Samant,Kanyakumari,04:34,Marathi New Release Hot 30
Wagh Aala Wagh (feat. Adarsh Shinde),"Amit Raj, Anand Shinde",Tamasha Live,03:23,Marathi New Release Hot 30
Bhai Cha Birthday Ala,Anand Shinde,Bhai Cha Birthday Ala,04:30,Marathi New Release Hot 30
Paisa Paisa Karatiya,"Kavita Ram, Avadhoot Gupte",Zolzaal (Original Motion Picture Soundtrack),04:29,Marathi New Release Hot 30
Majhi Navri,"Sonali Sonawane, Keval Walanj",Atrangi Prem & Other Hits,04:00,Marathi New Release Hot 30
"Phad Lagalay (feat. Sajan Bendre,Vaishali Samant)","Amit Raj, Sajan Bendre, Vaishali Sawant",Tamasha Live,03:42,Marathi New Release Hot 30
Atrangi Prem,"Harshavardhan Wavare, Sneha Mahadik, Vijay Bhate, Sanika Bhoite, Vijay Sonawane",Atrangi Prem & Other Hits,04:12,Marathi New Release Hot 30
Nate Navyane,"Hrishikesh Ranade, anandi joshi",Nate Navyane,03:37,Marathi New Release Hot 30
Armaan,Sailesh Barot,Armaan,05:51,Gujarati New Release Hot 30
Kamma Mara Veera,"Sailesh Barot, Devika Rabari",Kamma Mara Veera,07:23,Gujarati New Release Hot 30
Aankhe Varse Varsaad,Jignesh Barot,Aankhe Varse Varsaad,05:36,Gujarati New Release Hot 30
Mari Aatali Araj Mara Rom Re,Kajal Maheriya,Mari Aatali Araj Mara Rom Re,05:48,Gujarati New Release Hot 30
Kismat Mari Futi,Sailesh Barot,Kismat Mari Futi,05:36,Gujarati New Release Hot 30
Ek Pal Ni Mulakat,Kajal Maheriya,Ek Pal Ni Mulakat,05:19,Gujarati New Release Hot 30
Prem To Amar Chhe,Vijay Suvada,Prem To Amar Chhe,05:59,Gujarati New Release Hot 30
Bus Ni Ticket,Gaman Santhal,Bus Ni Ticket,06:32,Gujarati New Release Hot 30
Ek Bhul,Jignesh Barot,Ek Bhul,04:59,Gujarati New Release Hot 30
Cham Karyo Mane Block,Sailesh Barot,Cham Karyo Mane Block,04:55,Gujarati New Release Hot 30
Ja Bewafa Ja,Sailesh Barot,Ja Bewafa Ja,05:06,Gujarati New Release Hot 30
Baar Beda No Guniyo,Jigar Thakor,Baar Beda No Guniyo,04:27,Gujarati New Release Hot 30
Baa Taro Babalo,Bechar Thakor,Baa Taro Babalo,06:31,Gujarati New Release Hot 30
Rihamna,Kaushik Bharwad,Rihamna,04:49,Gujarati New Release Hot 30
Rakhopa Tane Mara Rom Na,Sailesh Barot,Rakhopa Tane Mara Rom Na,06:10,Gujarati New Release Hot 30
Manda Lidha Mohi Raj,Umesh Barot & Ishani Dave,Saiyar Mori Re,02:44,Gujarati New Release Hot 30
Aayi Balpan Ni Yaad,Jignesh Barot,Aayi Balpan Ni Yaad,05:39,Gujarati New Release Hot 30
Jindagi Na Rasta,Kajal Maheriya,Jindagi Na Rasta,05:40,Gujarati New Release Hot 30
Dua Karu Dil Thi Tane Dago Na Made,Jignesh Barot,Dua Karu Dil Thi Tane Dago Na Made,05:32,Gujarati New Release Hot 30
Dil Amaru Dhabkaro Tamaro,Sailesh Barot,Dil Amaru Dhabkaro Tamaro,05:02,Gujarati New Release Hot 30
Ame Jivi Laishu,Kajal Maheriya,Ame Jivi Laishu,06:27,Gujarati New Release Hot 30
Dil Ma Tari Yaado ( Dj Kamlesh BRD ),Ashwin Thakor,Dil Ma Tari Yaado ( Dj Kamlesh BRD ),05:36,Gujarati New Release Hot 30
Udi Re,Sonu Nigam,Udi Re,03:50,Gujarati New Release Hot 30
Maa Tu Pavama Pragtani,Geeta Rabari,Maa Tu Pavama Pragtani,03:07,Gujarati New Release Hot 30
Chori Kem Todi Nakhe Dil,Sailesh Barot,Chori Kem Todi Nakhe Dil,05:05,Gujarati New Release Hot 30
Yadmaa,Gaman Santhal,Yadmaa,05:48,Gujarati New Release Hot 30
Pankhafas Thai Gaya,Vishal Hapor,Pankhafas Thai Gaya,05:42,Gujarati New Release Hot 30
Aeni Mane Yaad Aavi Gai,Dilip Thakor,Aeni Mane Yaad Aavi Gai,05:31,Gujarati New Release Hot 30
Vali Vihat Maa,Vijay Suvada,Vali Vihat Maa,05:45,Gujarati New Release Hot 30
Dago Koino Hago Nai,Jignesh Barot,Dago Koino Hago Nai,06:13,Gujarati New Release Hot 30
Manda Lidha Mohi Raj - Saiyar Mori Re,"Umesh Barot, Ishani Dave",Manda Lidha Mohi Raj - Saiyar Mori Re,02:44,Gujarati Top 30
Tame Mane Gamo Cho,Kajal Maheriya,Tame Mane Gamo Cho,05:01,Gujarati Top 30
Radha Rani Laage,Kairavi Buch,Radha Rani Laage,04:09,Gujarati Top 30
Nanpan No Nedlo (Lo-Fi Mix) - R Square,"Mahesh Vanzara, Gracy Chauhan",Nanpan No Nedlo (Lo-Fi Mix) - R Square,05:19,Gujarati Top 30
Jag Jiti Jau Jo Tame Hoy Sathe (Original),Mahesh Vanzara,Jag Jiti Jau Jo Tame Hoy Sathe (Original),05:36,Gujarati Top 30
Naulakha(DJ Remix),"Raj Baisoya, Harendra Nagar, Harjeet Mann, Dj Fs",Naulakha(DJ Remix),03:04,Gujarati Top 30
Duha,Brij Joshi,Kanto Vagyo Kalje (Original Motion Picture Soundtrack),01:08,Gujarati Top 30
Heart Touching Mashup,Mayank Prajapati,Heart Touching Mashup,08:51,Gujarati Top 30
Dil Ma Tari Yaado ( Dj Kamlesh BRD ),Ashwin Thakor,Dil Ma Tari Yaado ( Dj Kamlesh BRD ),05:36,Gujarati Top 30
Deshi Dhol Saami Saami,Rajni Dj,Deshi Dhol Saami Saami,03:15,Gujarati Top 30
Sasu Na Pade Kanuda Na Dade,"Sailesh Barot, Kinjal Rabari",Sasu Na Pade Kanuda Na Dade,05:02,Gujarati Top 30
Bus Ni Ticket,Gaman Santhal,Bus Ni Ticket,05:50,Gujarati Top 30
Vande Matram Vande Matram,"Dipali Bhatt, Manoj Dave, Ninad Maheta, Foram Maheta","Prarthna Pothi, Vol. 1",01:12,Gujarati Top 30
Navratri Garba Mashup 2021,"Trupti Gadhvi, Aakash Parmar",Navratri Garba Mashup 2021,08:17,Gujarati Top 30
Tari Ma fortuner Kevay (Original),Mahesh Vanzara,Tari Ma fortuner Kevay (Original),05:47,Gujarati Top 30
"Chandaliyo Ugyo Re (From ""Naadi Dosh"")","Aishwarya Majmudar, Kedar, Bhargav","Chandaliyo Ugyo Re (From ""Naadi Dosh"")",03:04,Gujarati Top 30
Male Jo Khabar To Aavjo Kabar,Naresh Thakor,Male Jo Khabar To Aavjo Kabar,05:18,Gujarati Top 30
Sarpanch DJ Remix,"Gaman Santhal, Mayur Chhala",Sarpanch DJ Remix,04:55,Gujarati Top 30
Tara Sivay Kon Karse Fikar Mari,Gaman Santhal,Tara Sivay Kon Karse Fikar Mari,01:09,Gujarati Top 30
Tame Kya Sharif Cho,"Jignesh Kaviraj, Raj Choksi",Tame Kya Sharif Cho,04:49,Gujarati Top 30
Yaad Tari Zindagi Thi Jati Nathi,Umesh Barot,Yaad Tari Zindagi Thi Jati Nathi,06:10,Gujarati Top 30
Rona Serma (Original),Geeta Rabari,Rona Serma (Original),04:36,Gujarati Top 30
Aa Dil No Raja Hari Re Gayo,Mahesh Vanzara,Aa Dil No Raja Hari Re Gayo,05:05,Gujarati Top 30
Garba Mashup 2020,DJ Hims,Garba Mashup 2020 - Single,07:04,Gujarati Top 30
Bus Ni Ticket,Gaman Santhal,Bus Ni Ticket,06:32,Gujarati Top 30
Dj Hu Chhu Dhadkan Tame Dhabkaro (Dj Irfan),Mahesh Vanzara,Dj Hu Chhu Dhadkan Tame Dhabkaro (Dj Irfan),05:38,Gujarati Top 30
Koi Ladka Muje Pyar Karata,Riddhi Vyas,Koi Ladka Muje Pyar Karata,01:14,Gujarati Top 30
Nanpan No Nedlo,"Mahesh Vanzara, Gracy Chauhan",Nanpan No Nedlo,06:43,Gujarati Top 30
Manda Lidha Mohi Raj,Umesh Barot & Ishani Dave,Saiyar Mori Re,02:44,Gujarati Top 30
Ek Danta (Original),Rajal Barot,Ek Danta (Original),04:33,Gujarati Top 30
"Chele Tor Preme Porar Karon, Pt. 1",Sumi Shabnam,Chele Tor Preme Porar Karon,04:04,Bengali New Release Hot 30
"Chele Tor Preme Porar Karon, Pt. 5",Sumi Shabnam,Chele Tor Preme Porar Karon,03:09,Bengali New Release Hot 30
"Chele Tor Preme Porar Karon, Pt. 2",Sumi Shabnam,Chele Tor Preme Porar Karon,03:23,Bengali New Release Hot 30
"Chele Tor Preme Porar Karon, Pt. 3",Sumi Shabnam,Chele Tor Preme Porar Karon,03:46,Bengali New Release Hot 30
Agor Batir Ghran,Gogon Sakib,Agor Batir Ghran,03:36,Bengali New Release Hot 30
Aaj Ei Dintake,Kishore Kumar,Ei Toh Aamader Kishore,04:27,Bengali New Release Hot 30
Amar Moner Manush Bondhu Tumi,Miss Liton,Amar Moner Manush Bondhu Tumi,07:30,Bengali New Release Hot 30
Vinno Thikana,Gogon Sakib,Vinno Thikana,02:45,Bengali New Release Hot 30
"Chele Tor Preme Porar Karon, Pt. 6",Sumi Shabnam,Chele Tor Preme Porar Karon,04:22,Bengali New Release Hot 30
"Chele Tor Preme Porar Karon, Pt. 4",Sumi Shabnam,Chele Tor Preme Porar Karon,02:38,Bengali New Release Hot 30
Keu Bojhe Na Moner Betha,Forida Pervin,Keu Bojhe Na Moner Betha,04:45,Bengali New Release Hot 30
Chele Tor Preme Porar Karon,Sumi Shabnam,Chele Tor Preme Porar Karon,03:00,Bengali New Release Hot 30
Neel Rang Chilo Bhishan Priyo - LoFi,Rupam Islam,Bengali LoFi Hits,05:56,Bengali New Release Hot 30
Dekhechhi Rupshagore,Mahtim Shakib,Dekhechhi Rupshagore,03:55,Bengali New Release Hot 30
Nithor Deho,Adnan Kabir,Nithor Deho,04:54,Bengali New Release Hot 30
Kolkete Ganja Bhore Mar Beta Dam,Rajesh Shaw,Kolkete Ganja Bhore Mar Beta Dam,04:15,Bengali New Release Hot 30
Boka Pakhi Apon Chinlo Na,Atif Ahmed Niloy,Boka Pakhi Apon Chinlo Na,04:37,Bengali New Release Hot 30
Golaper Papri,Gogon Sakib,Golaper Papri,03:15,Bengali New Release Hot 30
Chele Tor Preme Porar Karon,Sumi Shabnam,Chele Tor Preme Porar Karon,03:50,Bengali New Release Hot 30
Boro Meye,"Gogon Sakib, Sumaiya",Boro Meye,03:09,Bengali New Release Hot 30
Koyal Ne Surje Aamar,"Madhusmita, Anand, Milind",Koyal Ne Surje Aamar,05:36,Bengali New Release Hot 30
Mone Pore Ruby Ray - LoFi,R.D. Burman,Bengali LoFi Hits,03:48,Bengali New Release Hot 30
"Ekta Chobi Ekechi_(From""Tui Je Amar"")","Shaan, Alka Yagnik",Shaan Bengali Non Stop Hits Part 1,04:48,Bengali New Release Hot 30
"O Tomari Cholar Pothe_(From""Paribartan"")","Alka Yagnik, Shaan",Shaan Bengali Duet Hits Jukebox Part 1,04:06,Bengali New Release Hot 30
"Pagol Premi Keno_(From""Master Mosai"")","Babul Supriyo, Kavita Krishnamurthy",Babul Supriyo Duet Non Stop Hits,05:05,Bengali New Release Hot 30
"Hariye Jawa Swapno Gulo_(From""Paribartan"")","Shaan, Alka Yagnik",Shaan Bengali Duet Hits Jukebox Part 1,03:13,Bengali New Release Hot 30
Jibon Amr Nosto Hoiyache,Mr. Jinna,Jibon Amr Nosto Hoiyache,03:50,Bengali New Release Hot 30
Jubayer Official,Prince Sujon,Amar moyna pakhi,04:21,Bengali New Release Hot 30
Pherari Mon - LoFi,"Babul Supriyo, Shreya Ghoshal",Bengali LoFi Hits,06:20,Bengali New Release Hot 30
"Anek Radha Krishna Eka_(From""Mama Bhagne"")",Babul Supriyo,Babul Supriyo Duet Hits Jukebox Part 1,04:19,Bengali New Release Hot 30
Keu Jaane  Naa,Arijit Singh,Raavan,04:40,Bengali Top 30
"Tapa Tini (From ""Belashuru"")","Iman Chakraborty, Ananya (Khnyada) Bhattacharjee, Upali Chatterjee","Tapa Tini (From ""Belashuru"")",04:16,Bengali Top 30
Bhalobashar Morshum Male,Arijit Singh,X=Prem,04:20,Bengali Top 30
Badam Official,"Bhuban Badyakar, Ron-E, Pragya Dutta",Badam Official,03:02,Bengali Top 30
"Ami Je Tomar (From ""Bhool Bhulaiyaa 2"")","Pritam, Shreya Ghoshal, Arijit Singh","Ami Je Tomar (From ""Bhool Bhulaiyaa 2"")",01:38,Bengali Top 30
"Ami Je Tomar (Tandav Version) [From ""Bhool Bhulaiyaa 2""]","Pritam, Arijit Singh","Ami Je Tomar (Tandav Version) [From ""Bhool Bhulaiyaa 2""]",02:23,Bengali Top 30
Bala Nacho To Dekhi,Iman Chakraborty,Bala Nacho To Dekhi,03:51,Bengali Top 30
Bismillah Title,Arijit Singh,Bismillah,05:02,Bengali Top 30
"Ei Mayabi Chander Raate (From ""Baba Baby O"")","Chamok Hasan, Ikkshita Mukherjee, Hemlata Chakraborty","Ei Mayabi Chander Raate (From ""Baba Baby O"")",03:23,Bengali Top 30
Srivalli Bengali Version,Usha Uthup,Pushpa - The Rise,03:44,Bengali Top 30
You are my Love,Ash King,Raavan,03:58,Bengali Top 30
Bhalobashar Morshum female,Shreya Ghoshal,X=Prem,04:20,Bengali Top 30
Bojhena Shey Bojhena-Lofi,"Arijit Singh, Happy Pills",Bojhena Shey Bojhena-Lofi,03:15,Bengali Top 30
Tomake Chai-Lofi,"Arijit Singh, Happy Pills",Tomake Chai-Lofi,03:57,Bengali Top 30
Ami Tor,"Javed Ali , Antara Mitra",Raavan,03:31,Bengali Top 30
Ei Bhalo Ei Kharap-Lofi,"Arijit Singh, Monali Thakur",Ei Bhalo Ei Kharap-Lofi,04:12,Bengali Top 30
Eka Ekela Mon-Lofi,Arijit Singh,Eka Ekela Mon-Lofi,04:31,Bengali Top 30
Abar Phire Ele-Lofi,"Arijit Singh, Anupam Roy, Happy Pills",Abar Phire Ele-Lofi,04:11,Bengali Top 30
Takey Olpo Kachhe Dakchi-Lofi,"Mahtim Shakib, Happy Pills",Takey Olpo Kachhe Dakchi-Lofi,02:52,Bengali Top 30
Thik Jyano Love Story 2.0,Arindom,Thik Jyano Love Story 2.0,02:51,Bengali Top 30
"Shohage Adore (From ""Belashuru"")",Anupam Roy,"Shohage Adore (From ""Belashuru"")",05:33,Bengali Top 30
Amar Mawte-Lofi,"Lopamudra Mitra, Veerdo",Amar Mawte-Lofi,02:39,Bengali Top 30
Behaya,Lagnajita Chakraborty,Ekannoborti,03:31,Bengali Top 30
Oboseshe,Arijit Singh,Oboseshe - Kishmish,03:36,Bengali Top 30
"Ki Mayay (From ""Belashuru"")","Shreya Ghoshal, Anupam Roy","Ki Mayay (From ""Belashuru"")",03:45,Bengali Top 30
O My Love-Lofi,"Kunal Ganjawala, Shreya Ghoshal",O My Love-Lofi,04:12,Bengali Top 30
Maiya Pura Dope,Ron-E,Maiya Pura Dope,03:02,Bengali Top 30
"Rongmoshal ( From ""Baba Baby O"" )","Ishan Mitra, Amit-Ishan","Rongmoshal ( From ""Baba Baby O"" )",03:17,Bengali Top 30
Kanna,Papon,Kanna - Kishmish,03:33,Bengali Top 30
Hobe Naki Bou,"Bhuban Badyakar, Keshab Dey",Hobe Naki Bou,03:30,Bengali Top 30
Piyale Bani Ganja,"Khesari Lal Yadav, Arya Sharma",Piyale Bani Ganja,04:10,Bhojpuri New Release Hot 30
Om Namah Shivay,Pramod Premi Yadav,Om Namah Shivay,03:55,Bhojpuri New Release Hot 30
Ganga Maiya,Shilpi Raj,Ganga Maiya,03:55,Bhojpuri New Release Hot 30
Shiv Jogiya Base Le Kashi Mein,Samar Singh,Shiv Jogiya Base Le Kashi Mein,04:34,Bhojpuri New Release Hot 30
Bhola Chhap Tattoo,Pramod Premi Yadav,Bhola Chhap Tattoo,03:02,Bhojpuri New Release Hot 30
Somari Bhukhal Bani,"Pramod Premi Yadav, Shivani Singh",Somari Bhukhal Bani,03:27,Bhojpuri New Release Hot 30
Mahadev Se Bada Koi Dev Nahi,Ritesh Pandey,Mahadev Se Bada Koi Dev Nahi,04:06,Bhojpuri New Release Hot 30
Bhola Sanghe Photo,Khesari Lal Yadav,Bhola Sanghe Photo,03:07,Bhojpuri New Release Hot 30
Bedarda Dard Dele Ba,"Khesari Lal Yadav, Priyanka Singh",Bedarda Dard Dele Ba,03:11,Bhojpuri New Release Hot 30
Muskuraiye Aap Dev Ghar Me Hai 2.0,"Khesari Lal Yadav, Priyanka Singh, Arya Sharma",Muskuraiye Aap Dev Ghar Me Hai 2.0,03:08,Bhojpuri New Release Hot 30
Suna Raja Pike Ganja 2,Khesari Lal Yadav,Suna Raja Pike Ganja 2,03:04,Bhojpuri New Release Hot 30
Rimjhim Barsela Sawanwa,Shilpi Raj,Rimjhim Barsela Sawanwa,03:45,Bhojpuri New Release Hot 30
Baba Ke Chela,Neelkamal Singh,Baba Ke Chela,03:35,Bhojpuri New Release Hot 30
Chala Devghar Ye Jaan,"Khesari Lal Yadav, Shilpi Raj",Chala Devghar Ye Jaan,03:47,Bhojpuri New Release Hot 30
Ghughur Baji Cham Cham,"Samar Singh, Neha Raj",Ghughur Baji Cham Cham,03:04,Bhojpuri New Release Hot 30
Dhani Puja Kare Ke Chahi,"Arvind Akela Kallu, Shilpi Raj",Dhani Puja Kare Ke Chahi,03:23,Bhojpuri New Release Hot 30
Bhola Ke Pujerin Hayi,Pramod Premi Yadav,Bhola Ke Pujerin Hayi,02:50,Bhojpuri New Release Hot 30
Nacho Bhola Ke Bhakton,"Shilpi Raj, Arvind Akela Kallu",Nacho Bhola Ke Bhakton,03:02,Bhojpuri New Release Hot 30
Le Lihala Kamariya Ropani Karake,"Samar Singh, Kavita Yadav",Le Lihala Kamariya Ropani Karake,05:26,Bhojpuri New Release Hot 30
Barse La Sawan Rim Jhim Ke,Akshara Singh,Barse La Sawan Rim Jhim Ke,03:48,Bhojpuri New Release Hot 30
Jogiyaa,Shilpi Raj,Jogiyaa,03:11,Bhojpuri New Release Hot 30
Babua La Gadi Deda,"Arvind Akela Kallu, Antra Singh Priyanka, Anjali Bharti",Babua La Gadi Deda,04:03,Bhojpuri New Release Hot 30
Jal Dhare Aiha Hamar Luliya,"Shilpi Raj, Golu Gold",Jal Dhare Aiha Hamar Luliya,03:39,Bhojpuri New Release Hot 30
Bam Bam Bole La,Khesari Lal Yadav,Bam Bam Bole La,03:20,Bhojpuri New Release Hot 30
Ganja Piye Balam,"Pramod Premi Yadav, Prity Ray",Ganja Piye Balam,03:03,Bhojpuri New Release Hot 30
Dil Ke Galti Ba,"Khesari Lal Yadav, Priyanka Singh, Arya Sharma",Dil Ke Galti Ba,03:28,Bhojpuri New Release Hot 30
Math Pa Mahadev,Neelkamal Singh,Math Pa Mahadev,03:42,Bhojpuri New Release Hot 30
Branded Buti,"Shilpi Raj, Arvind Akela Kallu",Branded Buti,03:30,Bhojpuri New Release Hot 30
Bhola Bhakt Rukega Nahi,Neelkamal Singh,Bhola Bhakt Rukega Nahi,04:01,Bhojpuri New Release Hot 30
Devghar Jaibe Railgadiya Se,"Shilpi Raj, Gunjan Singh",Devghar Jaibe Railgadiya Se,03:17,Bhojpuri New Release Hot 30
Lahariya Luta Aye Raja,Monalisa,Lahariya Luta Aye Raja,04:35,Bhojpuri Top 30
Aawa Chat ke Mar Ja,"Khesari Lal Yadav, Antra Singh Priyanka",Aawa Chat ke Mar Ja,03:29,Bhojpuri Top 30
Nathuniya,"Khesari Lal Yadav, Priyanka Singh",Nathuniya,03:34,Bhojpuri Top 30
Jhankar Orginal Music,Anupam Tiwari,Jhankar Orginal Music,04:56,Bhojpuri Top 30
Barf,"Khesari Lal Yadav, Neha Raj, Komal Singh",Barf,03:29,Bhojpuri Top 30
20 Song Hits,Nusrat Fateh Ali Khan,Hello Baby Im Bindass Londa,06:21,Bhojpuri Top 30
Ago Tuition Mein Laika Pasand Ba,"TUNTUN YADAV, Neha Raj",Ago Tuition Mein Laika Pasand Ba,02:59,Bhojpuri Top 30
Sagun Apsagun,Poonam Shastri,Sagun Apsagun,10:02,Bhojpuri Top 30
Saiya Ji Sabar Kari,"Khesari Lal Yadav, Antra Singh Priyanka",Saiya Ji Sabar Kari,03:06,Bhojpuri Top 30
Tandav Dance (Music),Gunwant Sen,Santaan: Ego Tohfa,01:02,Bhojpuri Top 30
Class Me Jhakash Badu,Pramod Premi Yadav,Class Me Jhakash Badu,03:31,Bhojpuri Top 30
Chatata Jawani Telchata,Khesari Lal Yadav,Chatata Jawani Telchata,03:28,Bhojpuri Top 30
Na Kare Jaib Ropaniya,"Samar Singh, Shilpi Raj",Na Kare Jaib Ropaniya,04:28,Bhojpuri Top 30
Pudina Ae Haseena,"Pawan Singh, Anupama Yadav",Pudina Ae Haseena,03:27,Bhojpuri Top 30
Piya Ji Ke Muski,"Priyanka Singh, Rajnish Mishra",Piya Ji Ke Muski,04:11,Bhojpuri Top 30
Hamara Jingi Me Aake,Pawan Singh,Hamara Jingi Me Aake,04:00,Bhojpuri Top 30
Ye Raja Jai Na Bahriya,Rakesh Mishra,Ye Raja Jai Na Bahriya - Single,05:50,Bhojpuri Top 30
Jhulufiya Ae Balam,Pramod Premi Yadav,Jhulufiya Ae Balam,03:41,Bhojpuri Top 30
Saree Se Tadi,"Pawan Singh, Shilpi Raj",Saree Se Tadi,03:21,Bhojpuri Top 30
Raja Ji Khoon Kaida,Shilpi Raj,Raja Ji Khoon Kaida,03:22,Bhojpuri Top 30
Naach Re Patarki 2.0,"Arvind Akela Kallu, Shilpi Raj",Naach Re Patarki 2.0,03:10,Bhojpuri Top 30
Aaj Bhar Dhil Da Dhodi Jan Chhil Da,"Bullet Raja, Neha Raj",Aaj Bhar Dhil Da Dhodi Jan Chhil Da,04:06,Bhojpuri Top 30
Saiya Davatare,"Samar Singh, Shilpi Raj",Saiya Davatare,03:17,Bhojpuri Top 30
Saiyan Ji Dilwa Mangele Gamcha Bichai Ke,"Neelkamal Singh, Shilpi Raj, Vikash Yadav, Lal Sinha",Saiyan Ji Dilwa Mangele Gamcha Bichai Ke,04:31,Bhojpuri Top 30
Sadiya La Da Balam Kalkatiya,"Samar Singh, Shilpi Raj",Sadiya La Da Balam Kalkatiya,03:20,Bhojpuri Top 30
Le Le Aayi Coca Cola,"Khesari Lal Yadav, Shilpi Raj",Le Le Aayi Coca Cola,04:38,Bhojpuri Top 30
Makai Ke Baal Le La,"Khesari Lal Yadav, Shilpi Raj",Makai Ke Baal Le La,03:31,Bhojpuri Top 30
Baigan Lela,"Khesari Lal Yadav, Antra Singh Priyanka",Baigan Lela,04:48,Bhojpuri Top 30
Hamra Ghume Ke Manwa Kare,Sweta sargam,Hamra Ghume Ke Manwa Kare,04:12,Bhojpuri Top 30
Rat Bhar Chumma Lelkai Re,"Gunjan Singh, Neha Raj",Rat Bhar Chumma Lelkai Re,03:05,Bhojpuri Top 30
Tukda Dil Ka,"Sumit Goswami, Jerry, Pranjal Dahiya",Tukda Dil Ka,02:46,Haryanvi Top 30
The Villagers,"Sumit Goswami, Jerry",The Villagers,03:03,Haryanvi Top 30
Last Peg,"Raju Punjabi, Meeta Baroda",Last Peg,03:04,Haryanvi Top 30
Heavy Ghaghra,"Sandeep Surila, Kanchan Nagar, Ajay Hooda",Heavy Ghaghra,02:48,Haryanvi Top 30
Kabootar,"Renuka Panwar, Surender Romio",Kabootar,03:40,Haryanvi Top 30
Ghana Kasoota (feat. Surbhi Jyoti),"Raftaar, Rashmeet Kaur, Surbhi Jyoti",Ghana Kasoota (feat. Surbhi Jyoti),02:49,Haryanvi Top 30
Sample Yaara Ke,Sumit Goswami,Sample Yaara Ke,03:15,Haryanvi Top 30
Reason,Khasa Aala Chahar,Reason,03:15,Haryanvi Top 30
Ha Krde,Khasa Aala Chahar,Ha Krde,03:16,Haryanvi Top 30
Teri Rahungi,"Ndee Kundu, Pranjal Dahiya",Teri Rahungi,02:41,Haryanvi Top 30
Jaat Jaatni,"Nikhil Sirohi, Vipin Foji",Jaat Jaatni,03:42,Haryanvi Top 30
Daman Chunni,Renuka Pawar,Daman Chunni,02:33,Haryanvi Top 30
Sharaab Darling,Gulzaar Chhaniwala,Sharaab Darling,03:10,Haryanvi Top 30
Rainbow,Khasa Aala Chahar,Rainbow,03:17,Haryanvi Top 30
Kah Diye,"Manisha Sharma, Bintu Pabra",Kah Diye,02:40,Haryanvi Top 30
Dil Lutda,Sumit Goswami,Dil Lutda,02:49,Haryanvi Top 30
Tere Bargi,"Diler Kharkiya, Meaow",Tere Bargi,03:03,Haryanvi Top 30
Baba Bhola,Raj Mawar,Baba Bhola,02:56,Haryanvi Top 30
CHUNDRI DELHI KI,Renuka Pawar,CHUNDRI DELHI KI,02:47,Haryanvi Top 30
Kaun Tujhe,"Renuka Panwar, Amaal Mallik",Kaun Tujhe,04:01,Haryanvi Top 30
Call Me Randa,Gulzaar Chhaniwala,Call Me Randa,03:01,Haryanvi Top 30
Chaar Chhalle Aali,Renuka Panwar,Chaar Chhalle Aali,02:09,Haryanvi Top 30
Dosh,Khasa Aala Chahar,Dosh,03:06,Haryanvi Top 30
Saiyaan,"Khatri, Akansha Tripathi, Pranjal Dahiya",Saiyaan,03:07,Haryanvi Top 30
Raataan Lambiyan (Haryanvi Version),"Renuka Panwar, Tanishk Bagchi",Raataan Lambiyan (Haryanvi Version),03:34,Haryanvi Top 30
Dekhan De,Vijay Malik,Dekhan De,03:28,Haryanvi Top 30
2 Numbari,"Masoom Sharma, Manisha Sharma",2 Numbari,03:49,Haryanvi Top 30
Hathkadi,Amit Saini Rohtakia,Hathkadi,03:10,Haryanvi Top 30
Welcome,Gulzaar Chhaniwala,Welcome,03:34,Haryanvi Top 30
Husband Bawla,"Sandeep Surila, Kanchan Nagar, Ajay Hooda",Husband Bawla,03:14,Haryanvi Top 30
